Country Name,Country Code,year,consumption,government,investment,gdp,net_exports
Antigua and Barbuda,ATG,1991,NA,NA,NA,1,NA
Antigua and Barbuda,ATG,1992,NA,NA,NA,1,NA
Antigua and Barbuda,ATG,1993,NA,NA,NA,1,NA
Antigua and Barbuda,ATG,1994,NA,NA,NA,1,NA
Antigua and Barbuda,ATG,1995,NA,NA,NA,1,NA
Antigua and Barbuda,ATG,1996,NA,NA,NA,1,NA
Antigua and Barbuda,ATG,1997,NA,NA,NA,1,NA
Antigua and Barbuda,ATG,1998,NA,NA,NA,1,NA
Antigua and Barbuda,ATG,1999,NA,NA,NA,1,NA
Antigua and Barbuda,ATG,2000,NA,NA,NA,1,NA
Antigua and Barbuda,ATG,2001,NA,NA,NA,1,NA
Antigua and Barbuda,ATG,2002,NA,NA,NA,1,NA
Antigua and Barbuda,ATG,2003,NA,NA,NA,1,NA
Antigua and Barbuda,ATG,2004,NA,NA,NA,1,NA
Antigua and Barbuda,ATG,2005,NA,NA,NA,1,NA
Antigua and Barbuda,ATG,2006,NA,NA,NA,1,NA
Antigua and Barbuda,ATG,2007,NA,NA,NA,1,NA
Antigua and Barbuda,ATG,2008,NA,NA,NA,1,NA
Antigua and Barbuda,ATG,2009,NA,NA,NA,1,NA
Antigua and Barbuda,ATG,2010,NA,NA,NA,1,NA
Antigua and Barbuda,ATG,2011,NA,NA,NA,1,NA
Antigua and Barbuda,ATG,2012,NA,NA,NA,1,NA
Antigua and Barbuda,ATG,2013,NA,NA,NA,1,NA
Antigua and Barbuda,ATG,2014,NA,NA,NA,1,NA
Antigua and Barbuda,ATG,2015,NA,NA,NA,1,NA
Antigua and Barbuda,ATG,2016,NA,NA,NA,1,NA
Antigua and Barbuda,ATG,2017,NA,NA,NA,1,NA
Antigua and Barbuda,ATG,2018,NA,NA,NA,1,NA
Antigua and Barbuda,ATG,2019,NA,NA,NA,1,NA
Antigua and Barbuda,ATG,2020,NA,NA,NA,1,NA
Antigua and Barbuda,ATG,2021,NA,NA,NA,1,NA
Antigua and Barbuda,ATG,2022,NA,NA,NA,1,NA
Antigua and Barbuda,ATG,2023,NA,NA,NA,1,NA
Barbados,BRB,1991,NA,NA,NA,1,NA
Barbados,BRB,1992,NA,NA,NA,1,NA
Barbados,BRB,1993,NA,NA,NA,1,NA
Barbados,BRB,1994,NA,NA,NA,1,NA
Barbados,BRB,1995,NA,NA,NA,1,NA
Barbados,BRB,1996,NA,NA,NA,1,NA
Barbados,BRB,1997,NA,NA,NA,1,NA
Barbados,BRB,1998,NA,NA,NA,1,NA
Barbados,BRB,1999,NA,NA,NA,1,NA
Barbados,BRB,2000,NA,NA,NA,1,NA
Barbados,BRB,2001,NA,NA,NA,1,NA
Barbados,BRB,2002,NA,NA,NA,1,NA
Barbados,BRB,2003,NA,NA,NA,1,NA
Barbados,BRB,2004,NA,NA,NA,1,NA
Barbados,BRB,2005,NA,NA,NA,1,NA
Barbados,BRB,2006,NA,NA,NA,1,NA
Barbados,BRB,2007,NA,NA,NA,1,NA
Barbados,BRB,2008,NA,NA,NA,1,NA
Barbados,BRB,2009,NA,NA,NA,1,NA
Barbados,BRB,2010,NA,NA,NA,1,NA
Barbados,BRB,2011,NA,NA,NA,1,NA
Barbados,BRB,2012,NA,NA,NA,1,NA
Barbados,BRB,2013,NA,NA,NA,1,NA
Barbados,BRB,2014,NA,NA,NA,1,NA
Barbados,BRB,2015,NA,NA,NA,1,NA
Barbados,BRB,2016,NA,NA,NA,1,NA
Barbados,BRB,2017,NA,NA,NA,1,NA
Barbados,BRB,2018,NA,NA,NA,1,NA
Barbados,BRB,2019,NA,NA,NA,1,NA
Barbados,BRB,2020,NA,NA,NA,1,NA
Barbados,BRB,2021,NA,NA,NA,1,NA
Barbados,BRB,2022,NA,NA,NA,1,NA
Barbados,BRB,2023,NA,NA,NA,1,NA
"Bahamas, The",BHS,1991,0.5249677261698185,-0.13139793760385415,0.13475583615123038,1,0.23453753009995595
"Bahamas, The",BHS,1992,0.9605801998602288,0.14961072505473214,-0.0038339230163040978,1,-0.4013078831345528
"Bahamas, The",BHS,1993,-1.4810766407678957,-0.9053299848228671,-9.50717712362409,1,5.133515214314368
"Bahamas, The",BHS,1994,0.8682062613402172,0.4626515056239328,0.6854404742505975,1,-0.6680420491594432
"Bahamas, The",BHS,1995,0.864761430842198,-0.1615032408974382,0.31814918113392215,1,0.014565091328105517
"Bahamas, The",BHS,1996,1.1103248849591534,0.16264483978368127,0.4486134981948753,1,-0.3417729902148054
"Bahamas, The",BHS,1997,9.739177067671866,5.34905257596905,4.46591159556546,1,-13.188837880423206
"Bahamas, The",BHS,1998,1.6612372766009234,-0.04725675647150429,1.18383075051447,1,-1.0985125140969143
"Bahamas, The",BHS,1999,0.8374996662389443,-6.583741029012404e-4,-0.3789893115281555,1,0.05431749634571145
"Bahamas, The",BHS,2000,0.5384685360573482,0.13193102295397505,0.8114776030578705,1,-0.22991223281957657
"Bahamas, The",BHS,2001,0.35771556084483014,0.1631233668364211,-0.8949421850580838,1,1.0160385440620598
"Bahamas, The",BHS,2002,0.8936480944324421,-0.07351807440493877,0.3244808342573549,1,0.41523111128581924
"Bahamas, The",BHS,2003,1.5580010158429574,1.1948878266292728,-0.9276219600410289,1,-0.03385998419116064
"Bahamas, The",BHS,2004,-1.7464261367472618,-0.4811114858785841,-2.116470869163046,1,1.7898780521746092
"Bahamas, The",BHS,2005,1.8067583481442606,0.11788859132929913,1.3434907043667268,1,-1.662074065593636
"Bahamas, The",BHS,2006,0.9526550428933387,0.08862892141058965,1.9237305338720898,1,-1.7120363066163795
"Bahamas, The",BHS,2007,0.6161838085434386,-0.01467965812922553,-0.6428855428222099,1,0.8493790727761023
"Bahamas, The",BHS,2008,0.7791322936579064,-0.3857050684495272,0.8820370537145205,1,-0.8062700486715142
"Bahamas, The",BHS,2009,1.6399746583524784,-0.12714263459787115,0.8324856659254078,1,-0.9653225015421538
"Bahamas, The",BHS,2010,0.43507493731024854,-0.028216166669792212,-1.1452818037738242,1,0.29528131465373886
"Bahamas, The",BHS,2011,-0.8087811483410516,1.7175087559296063,4.54169454988588,1,-1.7940310091192346
"Bahamas, The",BHS,2012,-2.027970138148077,-1.1770184327605475,2.329961572618586,1,4.093957557059776
"Bahamas, The",BHS,2013,0.6222490306070108,0.23431347580840345,1.0697114182242007,1,-0.3072064401644623
"Bahamas, The",BHS,2014,1.4181655838180953,-0.2937144067825186,1.8009814860384235,1,-2.728798102795145
"Bahamas, The",BHS,2015,2.1594942769767824,1.1103115075329468,-5.596493914193865,1,2.8814678093618857
"Bahamas, The",BHS,2016,-0.5113368645876148,0.5374404928252293,-1.3357846901857753,1,5.37990894719351
"Bahamas, The",BHS,2017,2.156898793993937,0.6606986473669461,0.883948789041518,1,-1.1461596286092068
"Bahamas, The",BHS,2018,0.08031217168088649,-0.04824484858465051,-0.6095576655270749,1,1.8658822523203824
"Bahamas, The",BHS,2019,4.069728009635112,-1.1900861880152873,-0.5300940941900864,1,-1.570069481526831
"Bahamas, The",BHS,2020,0.46473905734872606,-0.059627393452797384,0.36357719842177105,1,0.28599818422616435
"Bahamas, The",BHS,2021,0.884992711732615,-0.048068374418718446,0.16706165747095936,1,-0.10012333436754295
"Bahamas, The",BHS,2022,0.33230260340864876,0.19175300402549297,-0.11637034248118315,1,1.1810400018574856
"Bahamas, The",BHS,2023,2.162493130354905,0.2805755752796402,0.32083884903722254,1,-0.7435000746897553
Belize,BLZ,1991,0.4584018643380804,0.085826743802263,0.49232060751200374,1,-0.9861551524973486
Belize,BLZ,1992,2.8940866205304934,0.5399776207092205,0.10868166412456705,1,1.2389317089810559
Belize,BLZ,1993,0.4290140983405861,0.07843447460148595,0.5832256968556863,1,0.045441509235841476
Belize,BLZ,1994,-213.69949322045278,-40.71620725978929,326.0065009509559,1,-7.910720850850879
Belize,BLZ,1995,3.651280561393621,0.6877737712802866,2.7616524888950096,1,0.12638246316662016
Belize,BLZ,1996,0.8296889647384915,0.13572069086597516,-0.7785229873456422,1,-0.12667236735792975
Belize,BLZ,1997,0.6655460152821076,0.12855289318534227,-0.033518498307074054,1,0.06245520893042933
Belize,BLZ,1998,1.649324901505912,0.3051274524864619,-0.09334808001746432,1,-0.6291873731117917
Belize,BLZ,1999,0.6787342963966182,0.12608639694552548,0.7649850697476901,1,-0.7076484084047738
Belize,BLZ,2000,0.5731129553348312,0.10919532620796107,0.6165808104606411,1,-0.5140556491778486
Belize,BLZ,2001,1.222763462327482,0.23100337208155158,-0.35620561280456087,1,0.5357213130384572
Belize,BLZ,2002,1.2550982471680894,0.22984955711173802,-0.25113644753085473,1,0.5245829911336509
Belize,BLZ,2003,0.3794445790638617,0.07305539580106475,-0.3325884258995423,1,0.5184118294479712
Belize,BLZ,2004,-0.030955463314787764,-0.006414021307466184,-0.19622507557546293,1,1.3581166498754835
Belize,BLZ,2005,-0.43271888330034636,-0.07911180167058324,0.5672528243289198,1,0.8687562298354861
Belize,BLZ,2006,-0.3736540569968478,-0.06980646506510732,0.07280451876673741,1,2.639640734866867
Belize,BLZ,2007,0.8122008007862953,0.4002997904754985,0.4686133551438498,1,-3.2821303470217744
Belize,BLZ,2008,-0.5931660962669318,0.031514092306343174,-2.3349663900653232,1,1.0355803290345609
Belize,BLZ,2009,3.0077338947286854,-2.977545768998465,14.498004611283584,1,-24.871593583091737
Belize,BLZ,2010,2.1338878976285405,0.7045167127291274,-2.717398255353265,1,-0.9314948064463519
Belize,BLZ,2011,-3.908976022324867,-0.7661651903724552,-0.627841118827142,1,14.65567997602627
Belize,BLZ,2012,0.8799778103853734,0.15074759387441275,-0.13039436494682088,1,0.6980657602915131
Belize,BLZ,2013,0.9752401287871119,0.2496858117756885,0.4996225674636946,1,-1.1117738054834965
Belize,BLZ,2014,0.5455185836828407,0.03685836505111062,0.6577744008955374,1,-0.27968660751649943
Belize,BLZ,2015,1.0943586794208082,0.39723129033944854,0.26900184522105663,1,-2.0566604315178005
Belize,BLZ,2016,27.01947615431572,16.540959199292715,41.35903370274145,1,-77.71807429123712
Belize,BLZ,2017,-0.06156180486286766,-0.25511408057514934,1.4633890739579942,1,-0.15734168602231907
Belize,BLZ,2018,1.9650528112227976,0.6149843804864742,0.8920575896669017,1,4.041603364022231
Belize,BLZ,2019,0.6585297624741179,0.021831746519996243,0.2243732470232106,1,-0.005773735241540456
Belize,BLZ,2020,0.8654297305937655,0.32296596918778614,0.1305731135050911,1,0.24148889901426218
Belize,BLZ,2021,0.719747869666481,0.1535191669878742,0.26418565894916607,1,0.0059463523565062015
Belize,BLZ,2022,0.7646034149969693,0.11185771225218008,0.2553464608640973,1,0.16260543839381436
Belize,BLZ,2023,1.4957732146951896,0.40185217546559904,1.2129625578979546,1,5.889052072082102
Cabo Verde,CPV,1991,NA,NA,NA,1,NA
Cabo Verde,CPV,1992,NA,NA,NA,1,NA
Cabo Verde,CPV,1993,NA,NA,NA,1,NA
Cabo Verde,CPV,1994,NA,NA,NA,1,NA
Cabo Verde,CPV,1995,NA,NA,NA,1,NA
Cabo Verde,CPV,1996,NA,NA,NA,1,NA
Cabo Verde,CPV,1997,NA,NA,NA,1,NA
Cabo Verde,CPV,1998,NA,NA,NA,1,NA
Cabo Verde,CPV,1999,NA,NA,NA,1,NA
Cabo Verde,CPV,2000,NA,NA,NA,1,NA
Cabo Verde,CPV,2001,NA,NA,NA,1,NA
Cabo Verde,CPV,2002,NA,NA,NA,1,NA
Cabo Verde,CPV,2003,NA,NA,NA,1,NA
Cabo Verde,CPV,2004,NA,NA,NA,1,NA
Cabo Verde,CPV,2005,NA,NA,NA,1,NA
Cabo Verde,CPV,2006,NA,NA,NA,1,NA
Cabo Verde,CPV,2007,NA,NA,NA,1,NA
Cabo Verde,CPV,2008,0.24097980023452548,0.10116844978323562,NA,1,0.5041369046516598
Cabo Verde,CPV,2009,-3.0974999740009137,-0.8675557798708774,NA,1,1.3959638847939164
Cabo Verde,CPV,2010,-0.19958340520966114,0.21239941230367781,NA,1,-1.216280909441379
Cabo Verde,CPV,2011,0.6332856779196366,0.3019353962034119,NA,1,0.17335436858842956
Cabo Verde,CPV,2012,0.7457810845497245,-1.095244263760647,NA,1,8.595614971906235
Cabo Verde,CPV,2013,2.244415254821831,0.5709308215403683,NA,1,5.550915453326585
Cabo Verde,CPV,2014,2.498208684847447,1.39763120683168,NA,1,-8.723252788955593
Cabo Verde,CPV,2015,2.7531454905675745,0.7937069886356707,NA,1,4.1501481025245575
Cabo Verde,CPV,2016,1.5038610401650845,0.18102964473970967,NA,1,-0.883435683834924
Cabo Verde,CPV,2017,1.5550886309605048,-0.3656922286822094,NA,1,-0.773225174237261
Cabo Verde,CPV,2018,1.0794581471440516,0.26534760364240045,NA,1,-0.4286729728313199
Cabo Verde,CPV,2019,0.8360346902848864,0.4237751378552452,NA,1,0.3284469835086769
Cabo Verde,CPV,2020,0.4321710114523783,-0.022820734408900485,NA,1,0.575493408586576
Cabo Verde,CPV,2021,1.4328454997386335,0.36153298241658366,NA,1,-0.591898837848194
Cabo Verde,CPV,2022,0.6215826701008956,-0.045377438385582655,NA,1,0.5490167116112854
Cabo Verde,CPV,2023,1.0150476089468348,0.10127302287741886,NA,1,0.5602778122685161
Comoros,COM,1991,1.050138744123711,0.10387432169307707,0.10967165823501465,1,-0.1554031915699878
Comoros,COM,1992,1.0501394313859846,0.10387438977965265,0.10967173070850682,1,-0.15540329668816416
Comoros,COM,1993,1.0501027814034751,0.10387076403097296,0.1096679054184197,1,-0.15539785129206385
Comoros,COM,1994,1.050124698169827,0.10387293537059483,0.10967019067882555,1,-0.15540110792533018
Comoros,COM,1995,1.0501235213433242,0.10387281394251364,0.10967006362423243,1,-0.155400932909429
Comoros,COM,1996,1.050128440488531,0.10387327649316444,0.10967059271971394,1,-0.15540165865759456
Comoros,COM,1997,1.0501924677190164,0.10387962836927894,0.10967727082912487,1,-0.1554111393764951
Comoros,COM,1998,1.0502721852076384,0.103887532879984,0.10968558974659481,1,-0.15542291800064673
Comoros,COM,1999,1.0499931917343759,0.10385992103948818,0.10965647370381677,1,-0.15538165360958028
Comoros,COM,2000,1.0501654565223444,0.103876960787131,0.10967444757463972,1,-0.1554071449731825
Comoros,COM,2001,1.050157058252742,0.1038761236533811,0.10967357166908578,1,-0.15540588950204837
Comoros,COM,2002,1.0500759253779186,0.10386811060852606,0.10966510001139473,1,-0.15539388573768015
Comoros,COM,2003,1.050262054621048,0.1038865221540862,0.10968452782559335,1,-0.1554214423800066
Comoros,COM,2004,1.050116851298554,0.10387214704776143,0.10966937782196123,1,-0.15539994684340186
Comoros,COM,2005,1.050093596250629,0.10386985760135721,0.10966694351346647,1,-0.15539650345392597
Comoros,COM,2006,1.0501260438780307,0.10387306671871832,0.10967033441602791,1,-0.15540130667820262
Comoros,COM,2007,-0.721708657740651,-0.6815602896518098,-0.4209822057328181,1,2.1760925981272785
Comoros,COM,2008,1.329728882029798,0.22987145899992054,0.3750671127083609,1,-0.691735468527283
Comoros,COM,2009,1.6736250492603286,0.37986320479991176,-0.13571563887092916,1,-0.5799492263143872
Comoros,COM,2010,0.5052183897357687,0.017216325198750382,0.12846710069631684,1,0.5285302817380378
Comoros,COM,2011,1.1260901575611142,0.07747162981981269,0.2594738899997576,1,-0.2500990926226312
Comoros,COM,2012,1.311934357167681,0.04317652033758609,0.7812758614693364,1,-1.2479967853684097
Comoros,COM,2013,0.6591311654653776,-0.038676485617650816,0.12399950033707482,1,0.02453681441478403
Comoros,COM,2014,1.1522591832229332,0.44677029541836993,0.019846563410534104,1,-0.37624328049804495
Comoros,COM,2015,0.6875460819097192,0.1128231240238714,0.3727564766522344,1,0.14049660535016528
Comoros,COM,2016,1.0622934669348028,0.15629613785849786,0.10546298076636827,1,-0.1569992223883262
Comoros,COM,2017,1.192666310142484,0.16738271392386697,0.24258590255348048,1,-0.46545375890441154
Comoros,COM,2018,0.6193540101466453,0,0.725823666744113,1,-0.39196057495793835
Comoros,COM,2019,2.1949117207015827,0.21080551561890665,-0.7592809822739413,1,-0.5389283103662553
Comoros,COM,2020,-21.113453578453633,-2.266650473366357,10.742866417879375,1,16.56506718740127
Comoros,COM,2021,0.525829465381291,0.08164807586485437,0.603633460973276,1,0.6308153619474759
Comoros,COM,2022,0.19065053019483336,0.07711943882351666,0.07319033358899235,1,0.7946307942478308
Comoros,COM,2023,0.7081995161970571,0.029256483164967654,0.06349511266818735,1,0.08736669169144232
Cuba,CUB,1991,0.9093436262680265,0.31820661517730087,0.30370781314187895,1,-0.6086761902142732
Cuba,CUB,1992,1.13872758337962,0.1474651082788164,0.5010978837937643,1,-0.45810222438729675
Cuba,CUB,1993,0.4839489320153492,0.025058000802745943,0.18116363805678265,1,0.13117014742663632
Cuba,CUB,1994,4.004998959984701,-1.0872782721789271,-3.010180353046666,1,-1.2976032997984521
Cuba,CUB,1995,0.3079255846928459,-0.09796840595033188,0.1096381921682793,1,-0.3302831082156392
Cuba,CUB,1996,0.5106156730363806,0.19605284821408817,0.27129059389142723,1,-0.061392153240636516
Cuba,CUB,1997,0.8429314906131639,0.3567933047136858,0.149681053205308,1,-0.10165850185252943
Cuba,CUB,1998,8.133065229583282,0.28016839623152046,2.009117098027975,1,2.5135270564113688
Cuba,CUB,1999,0.8058654661649234,0.30536935484983,0.07229753273715256,1,0.16772341595872509
Cuba,CUB,2000,0.3882469399632319,0.18838661565070525,0.12574694261856834,1,0.27025508734022025
Cuba,CUB,2001,1.0718558451681333,0.3665471909451503,-0.0716447582423364,1,3.6577198486820173e-4
Cuba,CUB,2002,1.8011406204810794,1.0343362327254657,-0.4745998380026921,1,0.2529001125194749
Cuba,CUB,2003,1.6364256095898992,0.7034707147765881,-0.11908802620532462,1,-0.15264853305328097
Cuba,CUB,2004,0.6263769154156634,0.561760594737992,0.07651687981940108,1,0.11899821697180396
Cuba,CUB,2005,0.3085710318865343,0.36077891965481507,0.11393756175347837,1,0.2567377553419035
Cuba,CUB,2006,1.1065957804007485,0.2522441524153881,0.24577088017306595,1,-0.20007721637909034
Cuba,CUB,2007,0.5547361992863105,0.5353460405044552,0.028738328605538203,1,0.2995604497905601
Cuba,CUB,2008,-0.06270352871641688,0.23723927238234344,0.1526398745950265,1,0.20894032039368057
Cuba,CUB,2009,0.6972286758822493,0.44761900792432807,-0.37156137712975856,1,1.710049709636143
Cuba,CUB,2010,2.0893064223654383,0.3561831829886096,-0.09856068619400507,1,-0.6668255804909891
Cuba,CUB,2011,0.1649043154533154,-0.15666516635853203,0.13012628115069053,1,0.31300123482828357
Cuba,CUB,2012,0.5553889903702034,-0.0769216014832523,0.15195071223393075,1,0.12824013419158733
Cuba,CUB,2013,1.1521987512355798,0.09692263074513803,0.17896357837673635,1,-0.18233363549963966
Cuba,CUB,2014,2.3087671012085,-0.3213811628987654,-0.20776039923166584,1,-0.30085661452337037
Cuba,CUB,2015,1.0075531923677348,0.003574712193284583,0.2749066339388543,1,-0.31714522228501263
Cuba,CUB,2016,4.927895543442758,-0.13329967477247368,1.0967478547828713,1,-3.596251663824133
Cuba,CUB,2017,0.903708270216875,0.3841570022956989,0.16941647871551468,1,0.11374108252850407
Cuba,CUB,2018,0.7907283786521819,0.18491053211809436,0.25877142029683453,1,-0.04932623543022541
Cuba,CUB,2019,-2.700263836430972,-7.65621094983515,0.2403435459097947,1,1.2491552880308587
Cuba,CUB,2020,0.7503100057697425,0.3046026013570373,0.03401366956656268,1,0.14982776817494467
Cuba,CUB,2021,1.7753547750152452,3.9881584600547257,0.00803810114882967,1,-0.35058077867689524
Cuba,CUB,2022,0.9857607490606276,0.31653911030099835,-0.33364780690013224,1,0.4516635723712852
Cuba,CUB,2023,NA,NA,NA,1,NA
Dominica,DMA,1991,NA,NA,NA,1,NA
Dominica,DMA,1992,NA,NA,NA,1,NA
Dominica,DMA,1993,NA,NA,NA,1,NA
Dominica,DMA,1994,NA,NA,NA,1,NA
Dominica,DMA,1995,NA,NA,NA,1,NA
Dominica,DMA,1996,NA,NA,NA,1,NA
Dominica,DMA,1997,NA,NA,NA,1,NA
Dominica,DMA,1998,NA,NA,NA,1,NA
Dominica,DMA,1999,NA,NA,NA,1,NA
Dominica,DMA,2000,NA,NA,NA,1,NA
Dominica,DMA,2001,NA,NA,NA,1,NA
Dominica,DMA,2002,NA,NA,NA,1,NA
Dominica,DMA,2003,NA,NA,NA,1,NA
Dominica,DMA,2004,NA,NA,NA,1,NA
Dominica,DMA,2005,NA,NA,NA,1,NA
Dominica,DMA,2006,NA,NA,NA,1,NA
Dominica,DMA,2007,NA,NA,NA,1,NA
Dominica,DMA,2008,NA,NA,NA,1,NA
Dominica,DMA,2009,NA,NA,NA,1,NA
Dominica,DMA,2010,NA,NA,NA,1,NA
Dominica,DMA,2011,NA,NA,NA,1,NA
Dominica,DMA,2012,NA,NA,NA,1,NA
Dominica,DMA,2013,NA,NA,NA,1,NA
Dominica,DMA,2014,NA,NA,NA,1,NA
Dominica,DMA,2015,NA,NA,NA,1,NA
Dominica,DMA,2016,NA,NA,NA,1,NA
Dominica,DMA,2017,NA,NA,NA,1,NA
Dominica,DMA,2018,NA,NA,NA,1,NA
Dominica,DMA,2019,NA,NA,NA,1,NA
Dominica,DMA,2020,NA,NA,NA,1,NA
Dominica,DMA,2021,NA,NA,NA,1,NA
Dominica,DMA,2022,NA,NA,NA,1,NA
Dominica,DMA,2023,NA,NA,NA,1,NA
Dominican Republic,DOM,1991,3.3903093253023546,0.08388401034905368,-1.237252831443129,1,1.0692331475409018
Dominican Republic,DOM,1992,1.059917986061992,0.13398749695582443,0.2608078755828927,1,-0.3318379317656698
Dominican Republic,DOM,1993,0.588565929825621,0.1974238765249872,0.30696195232679,1,0.011395099414432175
Dominican Republic,DOM,1994,0.23435558426926423,0.4557285832667529,0.9302699740479584,1,-0.40820936359585225
Dominican Republic,DOM,1995,0.8087191282017875,-0.13842435641385498,0.16694704565670473,1,0.12377552521238239
Dominican Republic,DOM,1996,0.562408202355279,0.1281951862712118,0.40018404322593726,1,0.148102712390255
Dominican Republic,DOM,1997,0.7939991587045032,0.13670404615221424,0.43061541084583094,1,-0.26941557426702145
Dominican Republic,DOM,1998,0.44066552144870275,0.11075239580785462,1.077412111005922,1,-0.8060699391154946
Dominican Republic,DOM,1999,0.8052530629710339,0.0888561599225604,-0.28399138557656683,1,0.20712016990722174
Dominican Republic,DOM,2000,0.6109839785416973,0.09593378205374345,0.7613438161068092,1,-0.12153468428096703
Dominican Republic,DOM,2001,0.799592444079873,0.3787434366390062,-0.26483945593338637,1,0.03369991469560407
Dominican Republic,DOM,2002,0.7757131776550534,0.1934925524773624,0.35019696790505406,1,0.026452722057386822
Dominican Republic,DOM,2003,1.9744008120227328,0.6357491559377898,2.765848661597988,1,-5.59090303999735
Dominican Republic,DOM,2004,0.9555828532113586,0.24223676182244008,0.12479725569396778,1,-0.21673079173096121
Dominican Republic,DOM,2005,1.0396998689350814,0.10497685909647549,0.30318972327288657,1,-0.4298438152179125
Dominican Republic,DOM,2006,0.8233452622561601,0.1208412594910859,0.5218487843829922,1,-0.26054701896386756
Dominican Republic,DOM,2007,0.6860210733908337,0.13583637484513136,0.42888326397668547,1,-0.16156648778674326
Dominican Republic,DOM,2008,1.2926066666077465,0.09058275553304813,0.4997201590128289,1,-0.8875480553312304
Dominican Republic,DOM,2009,4.780087451582758,0.5312380758373686,-4.038552372929196,1,1.5658515378698894
Dominican Republic,DOM,2010,0.683299636964155,0.06432550981037469,0.4588069546450996,1,-0.24688167396662242
Dominican Republic,DOM,2011,0.9491677506316905,-0.08902470404519928,-0.17102895473418148,1,0.4972667107116427
Dominican Republic,DOM,2012,0.7531253846544945,0.2426757714771784,-0.03813754263158391,1,0.2937382039978551
Dominican Republic,DOM,2013,0.4685182980810916,0.13425159690704253,-0.11137257953248306,1,0.5675923980336444
Dominican Republic,DOM,2014,0.6100182672079545,0.06463461120768459,0.2715472123799367,1,0.11129751912796301
Dominican Republic,DOM,2015,0.7645979917348736,0.1025407292518014,0.5700566129227705,1,-0.3262644370893078
Dominican Republic,DOM,2016,0.6728788549495092,0.03011577083857068,0.4301471031235494,1,-0.07917789294593325
Dominican Republic,DOM,2017,0.6715139323613268,0.017421504618831078,-0.013759087131017308,1,0.432732484769648
Dominican Republic,DOM,2018,0.6041906763108802,0.038224703571922675,0.4456054863763197,1,-0.11793349707526579
Dominican Republic,DOM,2019,0.7551936828403494,0.1143384536582156,0.3976572385274299,1,-0.23926323672149624
Dominican Republic,DOM,2020,0.25749240575788074,-0.06765425227330424,0.4568251416393038,1,0.44809988334744544
Dominican Republic,DOM,2021,0.37452975288328005,5.194318116575488e-4,0.43141036108802483,1,-0.016790891087804183
Dominican Republic,DOM,2022,0.7840337222371994,0.07368725186659227,0.21580605513246645,1,-0.24203328856701045
Dominican Republic,DOM,2023,0.8148138125022147,0.08925657152395344,0.22158711148518778,1,-0.08584568959168229
Fiji,FJI,1991,NA,NA,NA,1,NA
Fiji,FJI,1992,NA,NA,NA,1,NA
Fiji,FJI,1993,NA,NA,NA,1,NA
Fiji,FJI,1994,NA,NA,NA,1,NA
Fiji,FJI,1995,NA,NA,NA,1,NA
Fiji,FJI,1996,NA,NA,NA,1,NA
Fiji,FJI,1997,NA,NA,NA,1,NA
Fiji,FJI,1998,NA,NA,NA,1,NA
Fiji,FJI,1999,NA,NA,NA,1,NA
Fiji,FJI,2000,NA,NA,NA,1,NA
Fiji,FJI,2001,NA,NA,NA,1,NA
Fiji,FJI,2002,NA,NA,NA,1,NA
Fiji,FJI,2003,NA,NA,NA,1,NA
Fiji,FJI,2004,NA,NA,NA,1,NA
Fiji,FJI,2005,NA,NA,NA,1,NA
Fiji,FJI,2006,NA,NA,NA,1,NA
Fiji,FJI,2007,NA,NA,NA,1,NA
Fiji,FJI,2008,NA,NA,NA,1,NA
Fiji,FJI,2009,NA,NA,NA,1,NA
Fiji,FJI,2010,NA,NA,NA,1,NA
Fiji,FJI,2011,NA,NA,NA,1,NA
Fiji,FJI,2012,NA,NA,NA,1,NA
Fiji,FJI,2013,NA,NA,NA,1,NA
Fiji,FJI,2014,NA,NA,NA,1,NA
Fiji,FJI,2015,NA,NA,NA,1,NA
Fiji,FJI,2016,NA,NA,NA,1,NA
Fiji,FJI,2017,NA,NA,NA,1,NA
Fiji,FJI,2018,NA,NA,NA,1,NA
Fiji,FJI,2019,NA,NA,NA,1,NA
Fiji,FJI,2020,NA,NA,NA,1,NA
Fiji,FJI,2021,NA,NA,NA,1,NA
Fiji,FJI,2022,NA,NA,NA,1,NA
Fiji,FJI,2023,NA,NA,NA,1,NA
Grenada,GRD,1991,NA,NA,NA,1,NA
Grenada,GRD,1992,NA,NA,NA,1,NA
Grenada,GRD,1993,NA,NA,NA,1,NA
Grenada,GRD,1994,NA,NA,NA,1,NA
Grenada,GRD,1995,NA,NA,NA,1,NA
Grenada,GRD,1996,NA,NA,NA,1,NA
Grenada,GRD,1997,NA,NA,NA,1,NA
Grenada,GRD,1998,NA,NA,NA,1,NA
Grenada,GRD,1999,NA,NA,NA,1,NA
Grenada,GRD,2000,NA,NA,NA,1,NA
Grenada,GRD,2001,NA,NA,NA,1,NA
Grenada,GRD,2002,NA,NA,NA,1,NA
Grenada,GRD,2003,NA,NA,NA,1,NA
Grenada,GRD,2004,NA,NA,NA,1,NA
Grenada,GRD,2005,NA,NA,NA,1,NA
Grenada,GRD,2006,NA,NA,NA,1,NA
Grenada,GRD,2007,NA,NA,NA,1,NA
Grenada,GRD,2008,NA,NA,NA,1,NA
Grenada,GRD,2009,NA,NA,NA,1,NA
Grenada,GRD,2010,NA,NA,NA,1,NA
Grenada,GRD,2011,NA,NA,NA,1,NA
Grenada,GRD,2012,NA,NA,NA,1,NA
Grenada,GRD,2013,NA,NA,NA,1,NA
Grenada,GRD,2014,NA,NA,NA,1,NA
Grenada,GRD,2015,NA,NA,NA,1,NA
Grenada,GRD,2016,NA,NA,NA,1,NA
Grenada,GRD,2017,NA,NA,NA,1,NA
Grenada,GRD,2018,NA,NA,NA,1,NA
Grenada,GRD,2019,NA,NA,NA,1,NA
Grenada,GRD,2020,NA,NA,NA,1,NA
Grenada,GRD,2021,NA,NA,NA,1,NA
Grenada,GRD,2022,NA,NA,NA,1,NA
Grenada,GRD,2023,NA,NA,NA,1,NA
Guinea-Bissau,GNB,1991,NA,NA,NA,1,NA
Guinea-Bissau,GNB,1992,NA,NA,NA,1,NA
Guinea-Bissau,GNB,1993,NA,NA,NA,1,NA
Guinea-Bissau,GNB,1994,NA,NA,NA,1,NA
Guinea-Bissau,GNB,1995,NA,NA,NA,1,NA
Guinea-Bissau,GNB,1996,NA,NA,NA,1,NA
Guinea-Bissau,GNB,1997,NA,NA,NA,1,NA
Guinea-Bissau,GNB,1998,0.8326524638452383,-0.020436038120529364,0.7501704062000046,1,-0.5827167126675447
Guinea-Bissau,GNB,1999,0.9835539783887863,0.2099114419071434,0.03550620780209793,1,-0.019214531598103934
Guinea-Bissau,GNB,2000,-4.056990637220304,-0.4188046321665596,6.405700350892856,1,-1.3507867093698716
Guinea-Bissau,GNB,2001,1.1811738495826556,-0.08377721075685672,-0.15106773408750965,1,-0.030640470448472013
Guinea-Bissau,GNB,2002,-1.1890952094309515,0.14621556168690497,1.0954853028172913,1,1.0929018177309353
Guinea-Bissau,GNB,2003,25.820658276865956,-2.44400959371464,-10.480154708031701,1,-14.334150007565867
Guinea-Bissau,GNB,2004,13.344975016642069,-0.22295090152684366,-5.369078055344184,1,-6.978171333520924
Guinea-Bissau,GNB,2005,0.26934199447099483,0.2666650559213672,-0.10755447499166941,1,0.8379546867423833
Guinea-Bissau,GNB,2006,2.785920066180453,-0.03755542870186464,0.7583582023939276,1,-2.545265681106242
Guinea-Bissau,GNB,2007,-0.66296010205708,0.10787750664295528,1.5109136280910929,1,0.1512003001884905
Guinea-Bissau,GNB,2008,2.3117640753485516,-0.23644866060423073,-0.4978709368387605,1,-0.8153490146320941
Guinea-Bissau,GNB,2009,-2.2865036934992204,0.8119870878637941,0.24875564781668805,1,3.0385281660479375
Guinea-Bissau,GNB,2010,1.096852186940731,0.21642466774502264,0.429014165389223,1,-0.5306488465560683
Guinea-Bissau,GNB,2011,0.3460395653194667,0.07598946406497449,-0.17566779163310595,1,0.82906944758647
Guinea-Bissau,GNB,2012,1.6045894204397173,0.4928014019271663,-1.7630146041348456,1,1.1669252980957223
Guinea-Bissau,GNB,2013,-0.06448025115296302,0.06810120587629637,-0.5026968635796351,1,1.0839932971370732
Guinea-Bissau,GNB,2014,2.061792324283119,2.5096543453987725,0.7046087117094378,1,-2.1623533086365216
Guinea-Bissau,GNB,2015,1.8100687412296497,0.3008661205634573,0.07199704911227423,1,-0.34355593881658963
Guinea-Bissau,GNB,2016,0.9604193173646082,0.22661392930242857,0.2965370360126125,1,-0.5247552138076007
Guinea-Bissau,GNB,2017,0.8542251295903788,0.1117871522264786,0.41408016779182916,1,-0.2871711589510607
Guinea-Bissau,GNB,2018,2.290648168534482,0.745392515108001,0.8947081414581205,1,1.5740151077708942
Guinea-Bissau,GNB,2019,1.7397696285882411,0.21841233741615557,1.2442366782233232,1,-2.0800328164017357
Guinea-Bissau,GNB,2020,-0.5279402209226716,1.0849577647823239,0.053931124106563554,1,0.5472709551656907
Guinea-Bissau,GNB,2021,1.4916681182140135,0.10226634926164635,-0.5616714083880072,1,0.45052158934757697
Guinea-Bissau,GNB,2022,1.3583469942012623,-0.06312544346847343,0.14677888967727695,1,-1.3024638496733583
Guinea-Bissau,GNB,2023,-0.3019767104554314,-0.08737723260536247,0.28301769508101626,1,0.15403422982885023
Guyana,GUY,1991,NA,NA,NA,1,NA
Guyana,GUY,1992,NA,NA,NA,1,NA
Guyana,GUY,1993,NA,NA,NA,1,NA
Guyana,GUY,1994,NA,NA,NA,1,NA
Guyana,GUY,1995,NA,NA,NA,1,NA
Guyana,GUY,1996,NA,NA,NA,1,NA
Guyana,GUY,1997,NA,NA,NA,1,NA
Guyana,GUY,1998,NA,NA,NA,1,NA
Guyana,GUY,1999,NA,NA,NA,1,NA
Guyana,GUY,2000,NA,NA,NA,1,NA
Guyana,GUY,2001,NA,NA,NA,1,NA
Guyana,GUY,2002,NA,NA,NA,1,NA
Guyana,GUY,2003,NA,NA,NA,1,NA
Guyana,GUY,2004,NA,NA,NA,1,NA
Guyana,GUY,2005,NA,NA,NA,1,NA
Guyana,GUY,2006,NA,NA,NA,1,NA
Guyana,GUY,2007,NA,NA,NA,1,NA
Guyana,GUY,2008,NA,NA,NA,1,NA
Guyana,GUY,2009,NA,NA,NA,1,NA
Guyana,GUY,2010,NA,NA,NA,1,NA
Guyana,GUY,2011,NA,NA,NA,1,NA
Guyana,GUY,2012,NA,NA,NA,1,NA
Guyana,GUY,2013,NA,NA,NA,1,NA
Guyana,GUY,2014,NA,NA,NA,1,NA
Guyana,GUY,2015,NA,NA,NA,1,NA
Guyana,GUY,2016,NA,NA,NA,1,NA
Guyana,GUY,2017,NA,NA,NA,1,NA
Guyana,GUY,2018,NA,NA,NA,1,NA
Guyana,GUY,2019,NA,NA,NA,1,NA
Guyana,GUY,2020,NA,NA,NA,1,NA
Guyana,GUY,2021,NA,NA,NA,1,NA
Guyana,GUY,2022,NA,NA,NA,1,NA
Guyana,GUY,2023,NA,NA,NA,1,NA
Haiti,HTI,1991,-0.8440859522278255,0.27556987676082106,NA,1,0.35610773693123476
Haiti,HTI,1992,0.6290596977331127,-0.021056852417617854,NA,1,0.07340052294028429
Haiti,HTI,1993,-1.0718452488664194,-0.02856338539202411,NA,1,0.3691979473763637
Haiti,HTI,1994,0.5259303912068533,-0.010498875425609358,NA,1,-0.011748630928091669
Haiti,HTI,1995,1.1746743704187832,-0.004422292566398296,NA,1,-0.4701567591774394
Haiti,HTI,1996,2.549543195062941,0.015765205923127804,NA,1,-0.7487608745657586
Haiti,HTI,1997,0.9454460634524516,-0.0017617209255902531,NA,1,-0.17298261026741485
Haiti,HTI,1998,1.2370507367363401,0.02669777513680765,NA,1,0.08182497241857711
Haiti,HTI,1999,-6.7485585817742715,0.004268942247726821,NA,1,-1.0951885576519946
Haiti,HTI,2000,44.21088491089682,0.07817338751460849,NA,1,-8.196892043908411
Haiti,HTI,2001,-2.9039260286712167,-2.032490486122495,5.083425000134538,1,-1.9331388673786436
Haiti,HTI,2002,1.5936247392766876,0.9005064083496342,-1.1585774768147716,1,0.6880837544445952
Haiti,HTI,2003,0.5628376989295795,0.03072328303200825,0.45420725705031934,1,0.04713696225436059
Haiti,HTI,2004,1.2239879832051148,0.15099749577978855,-0.5799415337414774,1,0.4949161054785558
Haiti,HTI,2005,0.4968200469876244,-0.32860560123567256,-0.024196931043254294,1,0.4936161157114053
Haiti,HTI,2006,0.7659473875763008,0.041800064043503955,2.7073795334918103,1,-2.9257649908798764
Haiti,HTI,2007,0.7135524866859284,0.08207656327253939,-0.4321030673639386,1,0.8746856242894238
Haiti,HTI,2008,0.595607077777089,0.4137630216678189,1.2529205634568281,1,-0.9863318303434062
Haiti,HTI,2009,1.5153387854146734,0.004781480743997362,-0.2849971674222155,1,-0.16427365829907375
Haiti,HTI,2010,1.1295250815737228,-0.006635413964674712,-1.2985466235674532,1,1.3427060261784105
Haiti,HTI,2011,0.7449196594998663,0.08492224727521913,-0.9524104942084035,1,1.5756317526923256
Haiti,HTI,2012,3.333025066153037,1.2116754605865006,-6.133621903837397,1,4.513264221431494
Haiti,HTI,2013,1.2633787413581936,0.028789071363131254,0.33893729030843117,1,-0.6047603282231031
Haiti,HTI,2014,0.17213302884137485,0.17380705805066615,0.32881516830441154,1,0.4514448668423151
Haiti,HTI,2015,3.8095282535503276,0.8196332268185522,-1.2762704439539272,1,-1.2447521249954623
Haiti,HTI,2016,3.3207779237634885,0.35553981647985905,0.34041467672251824,1,-2.6548185435561975
Haiti,HTI,2017,2.0492161879313415,0.05133257202390844,0.5844831490267078,1,-1.6435547126773702
Haiti,HTI,2018,2.7293788924380906,0.21665114418008183,-0.488372300599656,1,-1.1038033137933605
Haiti,HTI,2019,1.0745422310381305,0.4405641580196654,-1.1145240512764365,1,1.176529664783773
Haiti,HTI,2020,0.9999130934723149,-0.27681506489948904,1.1612875357010375,1,-1.0476098782157965
Haiti,HTI,2021,-1.2142031887240055,-0.5121436047839227,2.106952918585029,1,-0.43115886539365883
Haiti,HTI,2022,-0.6871343081994966,-1.108482585885602,0.5602845452159511,1,0.9276940838100513
Haiti,HTI,2023,-0.2800232526461803,-0.22763050853576028,0.8275583683310925,1,0.37436483832801015
Jamaica,JAM,1991,NA,NA,NA,1,NA
Jamaica,JAM,1992,NA,NA,NA,1,NA
Jamaica,JAM,1993,NA,NA,NA,1,NA
Jamaica,JAM,1994,NA,NA,NA,1,NA
Jamaica,JAM,1995,NA,NA,NA,1,NA
Jamaica,JAM,1996,NA,NA,NA,1,NA
Jamaica,JAM,1997,NA,NA,NA,1,NA
Jamaica,JAM,1998,NA,NA,NA,1,NA
Jamaica,JAM,1999,NA,NA,NA,1,NA
Jamaica,JAM,2000,NA,NA,NA,1,NA
Jamaica,JAM,2001,NA,NA,NA,1,NA
Jamaica,JAM,2002,NA,NA,NA,1,NA
Jamaica,JAM,2003,NA,NA,NA,1,NA
Jamaica,JAM,2004,NA,NA,NA,1,NA
Jamaica,JAM,2005,NA,NA,NA,1,NA
Jamaica,JAM,2006,NA,NA,NA,1,NA
Jamaica,JAM,2007,NA,NA,NA,1,NA
Jamaica,JAM,2008,-3.4778941654164357,-0.23686725875993572,2.540696316395604,1,1.7903607272725377
Jamaica,JAM,2009,2.4776921765819475,0.22575138082654742,1.0009919037601482,1,-2.6541242429148966
Jamaica,JAM,2010,0.6728499005451561,-0.01859728667965582,0.3678762179841601,1,-0.07167416890533262
Jamaica,JAM,2011,1.6768903853362438,-0.1257566285996289,0.9689258661428736,1,-1.5514059892885335
Jamaica,JAM,2012,1.2961881978546443,-0.04194523707819059,1.765821960220032,1,-2.6066032160506896
Jamaica,JAM,2013,-1.9426588913607028,-0.7876321242635831,2.2774375571580565,1,0.2946521618098954
Jamaica,JAM,2014,-1.106108851307404,-0.09073074542353113,0.9633250060139084,1,0.4864034584539647
Jamaica,JAM,2015,-0.11327971640679925,-0.02256967307934683,-1.175784477406377,1,2.51883765784948
Jamaica,JAM,2016,0.04888751842754146,0.1325923009155817,0.011307707289117315,1,0.690381432330622
Jamaica,JAM,2017,1.0334716635370271,0.09815470778251792,0.9745079578787879,1,-1.0995469043424135
Jamaica,JAM,2018,0.39587092523654704,-0.017111647964093705,0.6583217537830277,1,-0.14058443894735495
Jamaica,JAM,2019,1.1819365442792087,0.2654155833938954,0.4701506035686659,1,-0.9575539571711342
Jamaica,JAM,2020,NA,NA,NA,1,NA
Jamaica,JAM,2021,NA,NA,NA,1,NA
Jamaica,JAM,2022,NA,NA,NA,1,NA
Jamaica,JAM,2023,NA,NA,NA,1,NA
Kiribati,KIR,1991,NA,NA,NA,1,-3.0400632190572465
Kiribati,KIR,1992,NA,NA,NA,1,-1.3275146940660014
Kiribati,KIR,1993,NA,NA,NA,1,-153.42165253268595
Kiribati,KIR,1994,NA,NA,NA,1,8.12001207609155
Kiribati,KIR,1995,NA,NA,NA,1,-6.735299738180228
Kiribati,KIR,1996,NA,NA,NA,1,-76.95443521358663
Kiribati,KIR,1997,NA,NA,NA,1,3.4359700515072324
Kiribati,KIR,1998,NA,NA,NA,1,1.0201357743130661
Kiribati,KIR,1999,NA,NA,NA,1,2.596573558483776
Kiribati,KIR,2000,NA,NA,NA,1,-1.3676271516306553
Kiribati,KIR,2001,NA,NA,NA,1,0.11868981678650714
Kiribati,KIR,2002,NA,NA,NA,1,-7.750005564553563
Kiribati,KIR,2003,NA,NA,NA,1,-7.966536072029177
Kiribati,KIR,2004,NA,NA,NA,1,2.1343009050494057
Kiribati,KIR,2005,NA,NA,NA,1,-17.620141354292695
Kiribati,KIR,2006,NA,NA,NA,1,3.8319516831113742
Kiribati,KIR,2007,0.5461748380251655,0.6196295440888653,0.2137619106961748,1,0.9773181180064874
Kiribati,KIR,2008,1.1778047454061658,0.25328880291139244,0.8466755173398766,1,-0.9336905085185649
Kiribati,KIR,2009,-4.56034810265495,5.365136457301222,4.8471493923737565,1,7.929732771505931
Kiribati,KIR,2010,-3.783951798377632,-3.986808723541846,-0.9538103002072852,1,2.107869720881489
Kiribati,KIR,2011,2.929085509000647,0.7178787681986591,1.2935398352330274,1,-2.4421666812085534
Kiribati,KIR,2012,0.9217172135426618,0.5747689620532701,1.284798769594625,1,-1.2947005893455794
Kiribati,KIR,2013,0.9031955586871696,0.04240048413461223,0.8091058629376505,1,-1.0956395892658828
Kiribati,KIR,2014,10.306008199732785,6.633033088402354,-0.47313314447836646,1,-6.856221667409887
Kiribati,KIR,2015,0.932203245810476,-0.08748673347542504,1.374806779447798,1,-1.1393388322138343
Kiribati,KIR,2016,2.198158862505585,1.1460263202364815,-0.8327651725745525,1,-0.34143023935829403
Kiribati,KIR,2017,1.5362654529167203,0.6212341008251967,-1.0628644520035235,1,-0.07436140110068745
Kiribati,KIR,2018,0.9163054277674728,0.46688711357936113,-1.695717545302163,1,1.738385325319059
Kiribati,KIR,2019,2.9677916613502346,0.21734265984158882,-0.7285138096627461,1,-1.261299413392658
Kiribati,KIR,2020,14.382057077135903,6.7220814483272875,2.020793653696698,1,-18.317442941258143
Kiribati,KIR,2021,2.3708226180448495,-0.42592120098533376,0.6748272180639782,1,-2.444508530238272
Kiribati,KIR,2022,4.997998337049242,3.3235446825495503,0.338124594937425,1,-4.678964632134735
Kiribati,KIR,2023,NA,NA,NA,1,-0.31537752758875653
Maldives,MDV,1991,NA,NA,NA,1,NA
Maldives,MDV,1992,NA,NA,NA,1,NA
Maldives,MDV,1993,NA,NA,NA,1,NA
Maldives,MDV,1994,NA,NA,NA,1,NA
Maldives,MDV,1995,NA,NA,NA,1,NA
Maldives,MDV,1996,NA,NA,NA,1,NA
Maldives,MDV,1997,NA,NA,NA,1,NA
Maldives,MDV,1998,NA,NA,NA,1,NA
Maldives,MDV,1999,NA,NA,NA,1,NA
Maldives,MDV,2000,NA,NA,NA,1,NA
Maldives,MDV,2001,NA,NA,NA,1,NA
Maldives,MDV,2002,NA,NA,NA,1,NA
Maldives,MDV,2003,NA,NA,NA,1,NA
Maldives,MDV,2004,NA,NA,NA,1,NA
Maldives,MDV,2005,NA,NA,NA,1,NA
Maldives,MDV,2006,NA,NA,NA,1,NA
Maldives,MDV,2007,NA,NA,NA,1,NA
Maldives,MDV,2008,NA,NA,NA,1,NA
Maldives,MDV,2009,NA,NA,NA,1,NA
Maldives,MDV,2010,NA,NA,NA,1,NA
Maldives,MDV,2011,NA,NA,NA,1,NA
Maldives,MDV,2012,NA,NA,NA,1,NA
Maldives,MDV,2013,NA,NA,NA,1,NA
Maldives,MDV,2014,NA,NA,NA,1,NA
Maldives,MDV,2015,0.6820857593755311,0.5298215065771709,0.9216827403385098,1,0.15143581475188883
Maldives,MDV,2016,0.8706056624711255,0.09025372365152522,0.10928627622304764,1,-0.3499312730052536
Maldives,MDV,2017,0.5023946222572033,-0.26864520635428224,0.3332765812413058,1,0.0036808334226636763
Maldives,MDV,2018,0.6921628389052146,0.15283021720257267,0.9747735265002387,1,-0.27625315242004145
Maldives,MDV,2019,0.8003119708314947,0.3541800641125353,-0.15038950673309193,1,0.442590110813652
Maldives,MDV,2020,0.2514200156649081,0.030486758962546025,0.5673213849627998,1,0.2062388521067926
Maldives,MDV,2021,0.18217367240875773,0.03909359165946818,-0.02495716807476554,1,1.383890334569672
Maldives,MDV,2022,0.4350455676956428,-0.06185324449148662,0.3487868185088161,1,-0.21357001275098608
Maldives,MDV,2023,1.138531860261978,0.06003032406293651,-0.11616101212993375,1,0.7722539947890142
Marshall Islands,MHL,1991,NA,NA,NA,1,NA
Marshall Islands,MHL,1992,NA,NA,NA,1,NA
Marshall Islands,MHL,1993,NA,NA,NA,1,NA
Marshall Islands,MHL,1994,NA,NA,NA,1,NA
Marshall Islands,MHL,1995,NA,NA,NA,1,NA
Marshall Islands,MHL,1996,NA,NA,NA,1,NA
Marshall Islands,MHL,1997,NA,NA,NA,1,NA
Marshall Islands,MHL,1998,NA,NA,NA,1,NA
Marshall Islands,MHL,1999,NA,NA,NA,1,NA
Marshall Islands,MHL,2000,NA,NA,NA,1,NA
Marshall Islands,MHL,2001,NA,NA,NA,1,NA
Marshall Islands,MHL,2002,NA,NA,NA,1,NA
Marshall Islands,MHL,2003,NA,NA,NA,1,NA
Marshall Islands,MHL,2004,NA,NA,NA,1,NA
Marshall Islands,MHL,2005,2.6159333333333334,0.31653333333333333,1.5554666666666654,1,-2.9596333333333336
Marshall Islands,MHL,2006,-14.089333333333334,11.85,51.083,1,-10.443666666666665
Marshall Islands,MHL,2007,1.6282698412698366,0.8145714285714286,-0.5557619047619048,1,-0.366920634920635
Marshall Islands,MHL,2008,1.8074701492537313,0.2516865671641791,0.761440298507463,1,-1.1973805970149254
Marshall Islands,MHL,2009,0.1371,-0.06298333333333334,4.103949999999999,1,-4.0067
Marshall Islands,MHL,2010,-0.06327659574468085,-0.09280851063829787,1.6246489361702137,1,0.19486170212765952
Marshall Islands,MHL,2011,-6.7113333333333,-1.2325555555555556,40.99722222222222,1,-27.62811111111111
Marshall Islands,MHL,2012,-2.6450434782608565,-1.774565217391311,2.1426521739130435,1,3.088782608695639
Marshall Islands,MHL,2013,1.8102835820895602,0.30377611940298643,2.4126865671641897,1,-2.9552985074627
Marshall Islands,MHL,2014,5.331043478260869,2.501,3.8149565217391306,1,-9.205173913043478
Marshall Islands,MHL,2015,0.6159411764705882,0.9178529411764705,-1.38629411764706,1,-0.31191176470588233
Marshall Islands,MHL,2016,2.965695652173913,1.9010652173913012,2.0364130434782615,1,-1.9363478260869567
Marshall Islands,MHL,2017,2.5525373134328357,0.34467164179104254,1.5629253731343284,1,-3.123283582089552
Marshall Islands,MHL,2018,0.8167570093458,0.9379813084112135,-0.2889345794392523,1,-0.056700934579439255
Marshall Islands,MHL,2019,1.2200651162790714,0.7440186046511631,3.339934883720935,1,-3.077232558139539
Marshall Islands,MHL,2020,2.2056031746031746,1.3717777777777778,10.870126984126983,1,-12.581650793650793
Marshall Islands,MHL,2021,-0.6006666666666733,1.7313333333333525,0.9707777777777885,1,10.507851851851967
Marshall Islands,MHL,2022,1.12224,3.95768,-1.72648,1,6.6468799999999995
Marshall Islands,MHL,2023,3.167448275862069,1.4233448275862053,1.1852298850574712,1,-1.8466896551724137
Mauritius,MUS,1991,1.0630289290108519,0.24169784430903163,-0.10288212056269332,1,0.8693715701533247
Mauritius,MUS,1992,0.6857768917009267,0.14890168911685017,0.15354221239145982,1,0.016814041348625408
Mauritius,MUS,1993,0.975853771111081,0.22512481329476222,0.22514143851275817,1,-0.17513152514471386
Mauritius,MUS,1994,1.1760823913090634,0.15423776125645827,0.7242057047816731,1,-0.5508416335316939
Mauritius,MUS,1995,0.9790209174069544,0.16171369172010513,-0.9771997470472861,1,1.3812151616307375
Mauritius,MUS,1996,0.839808017892205,0.19527215148272625,0.5390445483598055,1,-0.1368351429684651
Mauritius,MUS,1997,0.4995896050244934,-0.17749646704916464,0.4291346016252617,1,-0.7610491234200363
Mauritius,MUS,1998,0.8510000458516024,0.11043688934178947,-0.15091480678654068,1,0.01785903220898455
Mauritius,MUS,1999,1.479962705108729,0.35633865149116156,1.8833628274745782,1,-0.9564550175094908
Mauritius,MUS,2000,0.529680340569757,0.17803043488940462,-0.23694135885275566,1,0.5091099832630837
Mauritius,MUS,2001,0.82580248174651,0.1982722550519082,0.2969229442211364,1,2.207355040967141
Mauritius,MUS,2002,2.0788047574534536,0.630174642438926,7.049388068583164e-4,1,-3.697808924927762
Mauritius,MUS,2003,0.6461773168118897,0.07873412852987464,0.4925112951413908,1,0.3649475142233258
Mauritius,MUS,2004,1.5237987607375294,0.1631142238093631,0.04597961241552794,1,-1.0236261991852937
Mauritius,MUS,2005,3.397196701273258,0.4128808656698919,-0.3536458232866379,1,0.6992598339830756
Mauritius,MUS,2006,1.0971990831946559,0.15320913869448535,0.7721308820558463,1,-1.0222031599843224
Mauritius,MUS,2007,0.5303596968696952,-0.08668258141191477,0.2494836632117731,1,-0.160226565915904
Mauritius,MUS,2008,0.9664856877064654,-0.012236378968776987,0.059585442571717766,1,0.14220115607963296
Mauritius,MUS,2009,0.7229677183743713,0.240434135587153,0.6240391982865937,1,1.7549021354004442
Mauritius,MUS,2010,0.5571748255563205,0.09061988682891978,-0.03765422041089314,1,0.5199721606750585
Mauritius,MUS,2011,0.5622782718365176,0.09451139962273498,0.07982377316492756,1,-0.1304690827707332
Mauritius,MUS,2012,0.7052274533851651,0.11721317600204345,-0.052636337848427785,1,0.3518816274320622
Mauritius,MUS,2013,0.6640057736745363,0.07648431020789147,-0.1681159516023887,1,-0.9061803733510931
Mauritius,MUS,2014,0.6575019713229616,0.14909409876480867,-0.3184422953944126,1,0.27025482967302256
Mauritius,MUS,2015,0.6480635969037719,0.06702205132080939,-0.27296166226193336,1,-0.8990573181328672
Mauritius,MUS,2016,0.7162697493602957,0.1613062342414619,0.1626432542053732,1,-0.3856952642919737
Mauritius,MUS,2017,0.6202269970573813,0.03401413736371613,0.19577706590227664,1,-0.18685165327857461
Mauritius,MUS,2018,0.7323217212217347,0.1578701665661744,0.4656216267155257,1,0.17805829207102258
Mauritius,MUS,2019,0.8653095753982905,0.09366110305425844,0.30647267050439414,1,-0.7284282283225465
Mauritius,MUS,2020,0.7499755880275043,0.004313299874680335,0.32758051544826544,1,-0.13533523080181542
Mauritius,MUS,2021,0.5189965401096659,-0.10329271950328892,0.6547830721275121,1,0.33117635789315203
Mauritius,MUS,2022,0.3712688181830498,0.10940375426570831,0.15537930133079075,1,1.1345971110424444
Mauritius,MUS,2023,0.17122606174688917,-0.07945007828298449,0.7736548200557849,1,-0.24143438061058536
"Micronesia, Fed. Sts.",FSM,1991,NA,NA,NA,1,NA
"Micronesia, Fed. Sts.",FSM,1992,NA,NA,NA,1,NA
"Micronesia, Fed. Sts.",FSM,1993,NA,NA,NA,1,NA
"Micronesia, Fed. Sts.",FSM,1994,NA,NA,NA,1,NA
"Micronesia, Fed. Sts.",FSM,1995,NA,NA,NA,1,NA
"Micronesia, Fed. Sts.",FSM,1996,NA,NA,NA,1,NA
"Micronesia, Fed. Sts.",FSM,1997,NA,NA,NA,1,NA
"Micronesia, Fed. Sts.",FSM,1998,NA,NA,NA,1,NA
"Micronesia, Fed. Sts.",FSM,1999,NA,NA,NA,1,NA
"Micronesia, Fed. Sts.",FSM,2000,NA,NA,NA,1,NA
"Micronesia, Fed. Sts.",FSM,2001,NA,NA,NA,1,NA
"Micronesia, Fed. Sts.",FSM,2002,NA,NA,NA,1,NA
"Micronesia, Fed. Sts.",FSM,2003,NA,NA,NA,1,NA
"Micronesia, Fed. Sts.",FSM,2004,NA,NA,NA,1,NA
"Micronesia, Fed. Sts.",FSM,2005,NA,NA,NA,1,NA
"Micronesia, Fed. Sts.",FSM,2006,NA,NA,NA,1,NA
"Micronesia, Fed. Sts.",FSM,2007,NA,NA,NA,1,NA
"Micronesia, Fed. Sts.",FSM,2008,NA,NA,NA,1,NA
"Micronesia, Fed. Sts.",FSM,2009,NA,NA,NA,1,NA
"Micronesia, Fed. Sts.",FSM,2010,NA,NA,NA,1,NA
"Micronesia, Fed. Sts.",FSM,2011,NA,NA,NA,1,NA
"Micronesia, Fed. Sts.",FSM,2012,NA,NA,NA,1,NA
"Micronesia, Fed. Sts.",FSM,2013,NA,NA,NA,1,NA
"Micronesia, Fed. Sts.",FSM,2014,NA,NA,NA,1,NA
"Micronesia, Fed. Sts.",FSM,2015,NA,NA,NA,1,NA
"Micronesia, Fed. Sts.",FSM,2016,NA,NA,NA,1,NA
"Micronesia, Fed. Sts.",FSM,2017,NA,NA,NA,1,NA
"Micronesia, Fed. Sts.",FSM,2018,NA,NA,NA,NA,NA
"Micronesia, Fed. Sts.",FSM,2019,NA,NA,NA,1,NA
"Micronesia, Fed. Sts.",FSM,2020,NA,NA,NA,1,NA
"Micronesia, Fed. Sts.",FSM,2021,NA,NA,NA,1,NA
"Micronesia, Fed. Sts.",FSM,2022,NA,NA,NA,1,NA
"Micronesia, Fed. Sts.",FSM,2023,NA,NA,NA,1,NA
Nauru,NRU,1991,NA,NA,NA,1,NA
Nauru,NRU,1992,NA,NA,NA,1,NA
Nauru,NRU,1993,NA,NA,NA,1,NA
Nauru,NRU,1994,NA,NA,NA,1,NA
Nauru,NRU,1995,NA,NA,NA,1,NA
Nauru,NRU,1996,NA,NA,NA,1,NA
Nauru,NRU,1997,NA,NA,NA,1,NA
Nauru,NRU,1998,NA,NA,NA,1,NA
Nauru,NRU,1999,NA,NA,NA,1,NA
Nauru,NRU,2000,NA,NA,NA,1,NA
Nauru,NRU,2001,NA,NA,NA,1,NA
Nauru,NRU,2002,NA,NA,NA,1,NA
Nauru,NRU,2003,NA,NA,NA,1,NA
Nauru,NRU,2004,NA,NA,NA,1,NA
Nauru,NRU,2005,NA,NA,NA,1,NA
Nauru,NRU,2006,NA,NA,NA,1,NA
Nauru,NRU,2007,NA,NA,NA,1,NA
Nauru,NRU,2008,NA,NA,NA,1,NA
Nauru,NRU,2009,NA,NA,NA,1,NA
Nauru,NRU,2010,NA,NA,NA,1,NA
Nauru,NRU,2011,NA,NA,NA,1,NA
Nauru,NRU,2012,NA,NA,NA,1,NA
Nauru,NRU,2013,NA,NA,NA,1,NA
Nauru,NRU,2014,NA,NA,NA,1,NA
Nauru,NRU,2015,NA,NA,NA,1,NA
Nauru,NRU,2016,NA,NA,NA,1,NA
Nauru,NRU,2017,NA,NA,NA,1,NA
Nauru,NRU,2018,NA,NA,NA,1,NA
Nauru,NRU,2019,NA,NA,NA,1,NA
Nauru,NRU,2020,NA,NA,NA,1,NA
Nauru,NRU,2021,NA,NA,NA,1,NA
Nauru,NRU,2022,NA,NA,NA,1,NA
Nauru,NRU,2023,NA,NA,NA,1,NA
Palau,PLW,1991,NA,NA,NA,1,NA
Palau,PLW,1992,NA,NA,NA,1,NA
Palau,PLW,1993,NA,NA,NA,1,NA
Palau,PLW,1994,NA,NA,NA,1,NA
Palau,PLW,1995,NA,NA,NA,1,NA
Palau,PLW,1996,NA,NA,NA,1,NA
Palau,PLW,1997,NA,NA,NA,1,NA
Palau,PLW,1998,NA,NA,NA,1,NA
Palau,PLW,1999,NA,NA,NA,1,NA
Palau,PLW,2000,NA,NA,NA,1,NA
Palau,PLW,2001,NA,NA,NA,1,NA
Palau,PLW,2002,NA,NA,NA,1,NA
Palau,PLW,2003,NA,NA,NA,1,NA
Palau,PLW,2004,NA,NA,NA,1,NA
Palau,PLW,2005,NA,NA,NA,1,NA
Palau,PLW,2006,-39.215262892789546,-19.534146575246144,18.498306353037993,1,17.753601058684286
Palau,PLW,2007,1.1420427291593291,0.1610707995724964,-1.1275476625267586,1,2.0180400656588247
Palau,PLW,2008,-0.8382141393436311,-0.29996982493243474,0.33823178240485596,1,0.6129222468247092
Palau,PLW,2009,0.29904710413174873,-0.05166662924226627,0.889822603362719,1,-0.8245847939521986
Palau,PLW,2010,1.1002474786440906,0.3641064202735273,0.6077803413179574,1,1.2786853793399722
Palau,PLW,2011,0.7980385335304201,0.059685541722604527,0.9492342143616384,1,-0.8578999299951011
Palau,PLW,2012,5.563944051528782,0.3281130840164368,0.6683942436476799,1,-1.780288416520042
Palau,PLW,2013,-1.8250152088475984,-0.47650517414761207,0.7215496667671463,1,0.36424492652054574
Palau,PLW,2014,1.4752053940257097,0.3325840700295891,2.146465615160341,1,-1.29725195084774
Palau,PLW,2015,0.7370702269965403,0.1425032086369191,0.31852104176285,1,1.277967282496923
Palau,PLW,2016,-15.621987571522677,-5.430416132101743,-3.366125926334202,1,6.891867274881216
Palau,PLW,2017,-0.4485292670783186,-0.1423039078398683,-0.49080812536553675,1,2.563177142468243
Palau,PLW,2018,3.917913805454783,14.632643456796071,-42.479963377967614,1,21.927229764165766
Palau,PLW,2019,-3.13088706859076,1.1764552506258594,27.85539953606805,1,-28.137421270010247
Palau,PLW,2020,-0.7747239200043865,-0.6523441101943067,-0.8954396020459037,1,2.7556915066404466
Palau,PLW,2021,0.4518390402815072,0.1871375437104929,0.7475021668371779,1,0.06063553985590908
Palau,PLW,2022,2.6321478477719396,1.7583112818800029,-2.8833136788644995,1,-1.8964281022928082
Palau,PLW,2023,-3.4347779973770494,-0.15644177439936305,-3.6791062674090527,1,9.0524797997525
Papua New Guinea,PNG,1991,NA,NA,NA,1,NA
Papua New Guinea,PNG,1992,NA,NA,NA,1,NA
Papua New Guinea,PNG,1993,NA,NA,NA,1,NA
Papua New Guinea,PNG,1994,NA,NA,NA,1,NA
Papua New Guinea,PNG,1995,NA,NA,NA,1,NA
Papua New Guinea,PNG,1996,NA,NA,NA,1,NA
Papua New Guinea,PNG,1997,NA,NA,NA,1,NA
Papua New Guinea,PNG,1998,NA,NA,NA,1,NA
Papua New Guinea,PNG,1999,NA,NA,NA,1,NA
Papua New Guinea,PNG,2000,NA,NA,NA,1,NA
Papua New Guinea,PNG,2001,NA,NA,NA,1,NA
Papua New Guinea,PNG,2002,NA,NA,NA,1,NA
Papua New Guinea,PNG,2003,NA,NA,NA,1,NA
Papua New Guinea,PNG,2004,NA,NA,NA,1,NA
Papua New Guinea,PNG,2005,NA,NA,NA,1,NA
Papua New Guinea,PNG,2006,NA,NA,NA,1,NA
Papua New Guinea,PNG,2007,NA,NA,NA,1,NA
Papua New Guinea,PNG,2008,NA,NA,NA,1,NA
Papua New Guinea,PNG,2009,NA,NA,NA,1,NA
Papua New Guinea,PNG,2010,NA,NA,NA,1,NA
Papua New Guinea,PNG,2011,NA,NA,NA,1,NA
Papua New Guinea,PNG,2012,NA,NA,NA,1,NA
Papua New Guinea,PNG,2013,NA,NA,NA,1,NA
Papua New Guinea,PNG,2014,NA,NA,NA,1,NA
Papua New Guinea,PNG,2015,NA,NA,NA,1,NA
Papua New Guinea,PNG,2016,NA,NA,NA,1,NA
Papua New Guinea,PNG,2017,NA,NA,NA,1,NA
Papua New Guinea,PNG,2018,NA,NA,NA,1,NA
Papua New Guinea,PNG,2019,NA,NA,NA,1,NA
Papua New Guinea,PNG,2020,NA,NA,NA,1,NA
Papua New Guinea,PNG,2021,NA,NA,NA,1,NA
Papua New Guinea,PNG,2022,NA,NA,NA,1,NA
Papua New Guinea,PNG,2023,NA,NA,NA,1,NA
Samoa,WSM,1991,NA,NA,NA,1,NA
Samoa,WSM,1992,NA,NA,NA,1,NA
Samoa,WSM,1993,NA,NA,NA,1,NA
Samoa,WSM,1994,NA,NA,NA,1,NA
Samoa,WSM,1995,NA,NA,NA,1,NA
Samoa,WSM,1996,NA,NA,NA,1,NA
Samoa,WSM,1997,NA,NA,NA,1,NA
Samoa,WSM,1998,NA,NA,NA,1,NA
Samoa,WSM,1999,NA,NA,NA,1,NA
Samoa,WSM,2000,NA,NA,NA,1,NA
Samoa,WSM,2001,NA,NA,NA,1,NA
Samoa,WSM,2002,NA,NA,NA,1,NA
Samoa,WSM,2003,NA,NA,NA,1,NA
Samoa,WSM,2004,NA,NA,NA,1,NA
Samoa,WSM,2005,NA,NA,NA,1,NA
Samoa,WSM,2006,NA,NA,NA,1,NA
Samoa,WSM,2007,NA,NA,NA,1,NA
Samoa,WSM,2008,NA,NA,NA,1,NA
Samoa,WSM,2009,NA,NA,NA,1,NA
Samoa,WSM,2010,0.07302880216287701,0.16572579756500708,0.22559180788114125,1,-0.4252549941402247
Samoa,WSM,2011,0.2757417698814864,0.04038174373863971,0.8918393775057164,1,-0.9493946351982225
Samoa,WSM,2012,0.4736243730852127,-0.12613961846384703,-0.5846345958392641,1,1.540217890073539
Samoa,WSM,2013,36.51702532077589,6.6164377472550395,-42.252446177812665,1,76.16349223127871
Samoa,WSM,2014,2.4943591710620447,2.1887436576647312,4.372550869702059,1,-8.141401298709505
Samoa,WSM,2015,-0.0368910125865553,-0.15412066689545315,0.20768977972965347,1,0.6243235378033373
Samoa,WSM,2016,0.2816957707982588,-0.22737196701839546,0.6427210835405808,1,0.26611115037265365
Samoa,WSM,2017,1.6288038252560506,-0.3477848023833346,-2.430598448183919,1,2.1026331319643363
Samoa,WSM,2018,0.09527070348250335,-3.4055338455513118,-0.9148836278787139,1,8.149484453596493
Samoa,WSM,2019,0.45433868844992187,0.38390897108969435,0.5138880199949166,1,0.3044041508126787
Samoa,WSM,2020,-0.7705673238411923,-0.0814957085111789,0.25017041029127796,1,1.9447082664360225
Samoa,WSM,2021,-0.9982694044962833,0.0010587341365166526,0.48424268926138025,1,1.7135810513597125
Samoa,WSM,2022,0.3683762198465939,-0.2735053400183008,0.7004430369675221,1,0.21813404812889764
Samoa,WSM,2023,0.3043109474869242,-0.10414179132020082,0.6176536488501091,1,0.6846267810228821
Sao Tome and Principe,STP,1991,NA,NA,NA,1,NA
Sao Tome and Principe,STP,1992,NA,NA,NA,1,NA
Sao Tome and Principe,STP,1993,NA,NA,NA,1,NA
Sao Tome and Principe,STP,1994,NA,NA,NA,1,NA
Sao Tome and Principe,STP,1995,NA,NA,NA,1,NA
Sao Tome and Principe,STP,1996,NA,NA,NA,1,NA
Sao Tome and Principe,STP,1997,NA,NA,NA,1,NA
Sao Tome and Principe,STP,1998,NA,NA,NA,1,NA
Sao Tome and Principe,STP,1999,NA,NA,NA,1,NA
Sao Tome and Principe,STP,2000,NA,NA,NA,1,NA
Sao Tome and Principe,STP,2001,NA,NA,NA,1,NA
Sao Tome and Principe,STP,2002,NA,NA,NA,1,NA
Sao Tome and Principe,STP,2003,NA,NA,NA,1,NA
Sao Tome and Principe,STP,2004,NA,NA,NA,1,NA
Sao Tome and Principe,STP,2005,NA,NA,NA,1,NA
Sao Tome and Principe,STP,2006,NA,NA,NA,1,NA
Sao Tome and Principe,STP,2007,NA,NA,NA,1,NA
Sao Tome and Principe,STP,2008,NA,NA,NA,1,NA
Sao Tome and Principe,STP,2009,NA,NA,NA,1,NA
Sao Tome and Principe,STP,2010,NA,NA,NA,1,NA
Sao Tome and Principe,STP,2011,NA,NA,NA,1,NA
Sao Tome and Principe,STP,2012,NA,NA,NA,1,NA
Sao Tome and Principe,STP,2013,NA,NA,NA,1,NA
Sao Tome and Principe,STP,2014,NA,NA,NA,1,NA
Sao Tome and Principe,STP,2015,NA,NA,NA,1,NA
Sao Tome and Principe,STP,2016,NA,NA,NA,1,NA
Sao Tome and Principe,STP,2017,NA,NA,NA,1,NA
Sao Tome and Principe,STP,2018,NA,NA,NA,1,NA
Sao Tome and Principe,STP,2019,NA,NA,NA,1,NA
Sao Tome and Principe,STP,2020,NA,NA,NA,1,NA
Sao Tome and Principe,STP,2021,NA,NA,NA,1,NA
Sao Tome and Principe,STP,2022,NA,NA,NA,1,NA
Sao Tome and Principe,STP,2023,NA,NA,NA,1,NA
Seychelles,SYC,1991,-0.24023274362545796,-1.0845354796147531e-5,-0.3116930483763462,1,1.80574307765542
Seychelles,SYC,1992,2.4751155799168285,0.42658370421640807,0.046870627773522786,1,-1.241669790316451
Seychelles,SYC,1993,1.8059673115452646,0.17907832626594908,0.6427860908916454,1,-1.5638261912327844
Seychelles,SYC,1994,5.050925662270398,0.29568943051928726,-0.494229944530967,1,-2.3428124067161002
Seychelles,SYC,1995,21.058073027792883,-2.535671874811248,-0.17517694206421797,1,-16.262815108628953
Seychelles,SYC,1996,0.7125044353139125,0.3047496678194834,0.5487570844616062,1,-0.3786585671520575
Seychelles,SYC,1997,0.5361622920604431,0.2006251655509872,0.33136817669323754,1,0.06285251802885694
Seychelles,SYC,1998,1.0773532568598045,0.7479628114301252,3.3842936133708768,1,-5.606370835243312
Seychelles,SYC,1999,-7.494010189689237,-1.6744339892647757,3.388121361697903,1,1.936179110316122
Seychelles,SYC,2000,-3.0846981128425734,1.8654574880860284,-1.841452107632892,1,6.922754912481518
Seychelles,SYC,2001,-1.6377538268304572,0.35120553601834115,-2.500407802823086,1,6.551624932884575
Seychelles,SYC,2002,-0.9230329175900395,3.633936814042856,-4.216189207198807,1,8.558991004491434
Seychelles,SYC,2003,-0.0751525235386126,0.43832465003842674,1.3457848841890667,1,-1.238531775371214
Seychelles,SYC,2004,-1.7456324451932503,-0.45153875042495856,0.39734570841629513,1,1.7969071356987958
Seychelles,SYC,2005,1.6734208803368453,0.53898306099769,0.12086879157400202,1,-0.5241887867379951
Seychelles,SYC,2006,1.711635618154588,0.5500547430589035,0.11778012410530003,1,-0.5501299684332386
Seychelles,SYC,2007,-1.5675229073542578,-0.4611921978693936,0.5743334634706099,1,1.617143074302375
Seychelles,SYC,2008,-5.493755032668706,1.8889156429744847,1.2909829531767374,1,4.084072219773468
Seychelles,SYC,2009,1.359919129507754,-0.35320889930683197,0.41626486741860286,1,-0.8914358266810144
Seychelles,SYC,2010,0.15553062910471233,0.021090693899003827,1.9991635313106784,1,-2.672175292402606
Seychelles,SYC,2011,1.367305619157036,0.37580545694054723,-0.0723189770102577,1,0.008979258159055592
Seychelles,SYC,2012,0.32287114416505847,-0.08205380704267404,1.2242108759470456,1,-1.2941874990102775
Seychelles,SYC,2013,-9.493433945877749,0.5939000259496721,3.9346233474104775,1,3.259853888813269
Seychelles,SYC,2014,3.2107593124250156,-0.06785042879597865,-0.005461139844926741,1,-1.8022509374353253
Seychelles,SYC,2015,0.17458809213366247,0.2655164651965369,0.032257541968488686,1,0.7933740027565633
Seychelles,SYC,2016,1.2384439343161064,0.23130643440722556,0.09724434860618675,1,-0.3346160618453115
Seychelles,SYC,2017,0.8855562362363331,0.10560365305350222,0.1606288907711382,1,-0.04630161389178067
Seychelles,SYC,2018,1.802465687018886,0.4969654922578146,-0.3005496912712394,1,-0.4988891996093191
Seychelles,SYC,2019,0.30021079734720985,0.087908156486424,0.24678237501287154,1,0.4527849729944553
Seychelles,SYC,2020,-0.08718609553908947,-0.09923033919475469,0.27258556798160277,1,0.8131217283257606
Seychelles,SYC,2021,14.821241394559832,-0.7975039637694753,-8.800446724684386,1,-4.992114019282376
Seychelles,SYC,2022,0.092400680743078,-0.2227747653715616,0.075975829825452,1,0.8310182331263143
Seychelles,SYC,2023,1.290326329057543,0.835323917471122,0.39488326698400433,1,-0.6729212232060748
Singapore,SGP,1991,0.5422075724209849,0.11806652455949329,0.5142081614501061,1,0.3098191967366486
Singapore,SGP,1992,0.4454858466661843,0.03770361253891268,0.4947223629913856,1,0.08345761239412042
Singapore,SGP,1993,0.5949978365876306,0.12685463442264425,0.2461019242569664,1,0.027022987239800678
Singapore,SGP,1994,0.2986212303453101,-0.003943694826543044,0.2535409422587676,1,0.33982840189239094
Singapore,SGP,1995,0.36274252201793816,0.12699379033239994,0.4801026827387473,1,0.09190713908843806
Singapore,SGP,1996,0.56976161294722,0.19599945447106432,0.950056825930809,1,0.04026003545938206
Singapore,SGP,1997,0.3688374376748144,0.07587711297579967,0.4314042928371639,1,-0.00651374194332921
Singapore,SGP,1998,0.043153651520799884,-0.33734618867522503,0.7952644755766243,1,-2.0765461034464354
Singapore,SGP,1999,0.8250731806562678,0.12155041994887553,-0.2653033543742498,1,-0.06967499608743277
Singapore,SGP,2000,0.8585098187358343,0.2150068996522078,0.38436994623890924,1,-0.535637796357233
Singapore,SGP,2001,-3.9278779603673324,-0.5437892701788314,1.512179797003389,1,-3.6537941034316184
Singapore,SGP,2002,0.5749438732647905,0.14405728687442468,-0.6952434292115047,1,0.8211918763584929
Singapore,SGP,2003,0.1621487171540513,0.024671817235959605,-0.2953091448431586,1,1.5719899054745134
Singapore,SGP,2004,0.262025040329027,0.01210113018161386,0.2447208940690894,1,-0.01648040227295855
Singapore,SGP,2005,0.3110318637214971,0.059505901239706276,0.11713886494039323,1,0.5774533995302784
Singapore,SGP,2006,0.30023228722705647,0.08585197498041078,0.23979672716237774,1,0.3784099607313849
Singapore,SGP,2007,0.35220785092941037,0.028087627091223602,0.39484458677463113,1,0.4057419721488178
Singapore,SGP,2008,1.2819915633577068,0.33214213347578564,1.404903568073383,1,-3.9489933133162554
Singapore,SGP,2009,3.1169960495126445,3.874637872004046,11.34895970502979,1,26.40084277060734
Singapore,SGP,2010,0.2011825493772929,0.07523011058752074,0.12962683955190163,1,0.40276248600561515
Singapore,SGP,2011,0.24150916416047116,-0.0030216194745502334,0.26619569123683107,1,0.7765798483042996
Singapore,SGP,2012,0.3346364288521407,0.018751520520002406,0.5063783864709593,1,-0.3252509247880685
Singapore,SGP,2013,0.43766838061823166,0.22735796657519483,0.34609356525755963,1,0.18443035399057184
Singapore,SGP,2014,0.35272085958523564,0.015780042773742006,0.2940213098013512,1,0.5438751982941885
Singapore,SGP,2015,0.9148323053420178,0.28817796367854803,0.1810272288349526,1,1.211246088867473
Singapore,SGP,2016,0.4396580656624486,0.1061207299337322,0.04030692489421392,1,-0.05459367329344953
Singapore,SGP,2017,0.3361773483872597,0.0767851279331164,0.2992649844661669,1,0.20585486600489666
Singapore,SGP,2018,0.532665480007693,0.08341137580083959,-0.37401464924303984,1,0.7969634761252045
Singapore,SGP,2019,0.9936117717096667,0.25298052670332494,0.4457238645799033,1,0.05821622722501741
Singapore,SGP,2020,0.9057158638476208,-0.3487843537597717,0.9025817370980302,1,-0.5844827123015311
Singapore,SGP,2021,0.3282561368110448,0.04835347317391084,0.5361155626581905,1,0.2338617158519194
Singapore,SGP,2022,0.6450732164692118,-0.05504978370546969,0.16047923880765727,1,0.11393738247654728
Singapore,SGP,2023,1.4661140061118814,0.2613096394693595,-0.05043189486142332,1,2.6636166116125963
Solomon Islands,SLB,1991,-4.133989901402207,NA,-0.27859889192898746,1,2.7173447992877477
Solomon Islands,SLB,1992,-1.0213577245503296,NA,0.03725143067791081,1,0.6248777353152558
Solomon Islands,SLB,1993,9.095781078283428,NA,0.6496603115307346,1,-3.821311282647793
Solomon Islands,SLB,1994,2.8528439204457845,NA,0.1637319012053511,1,-0.9019960610076216
Solomon Islands,SLB,1995,0.26633467129621285,NA,-0.1674310088901435,1,0.6811242884664513
Solomon Islands,SLB,1996,-17.5594066224992,NA,-0.8928748505823992,1,8.658241446134042
Solomon Islands,SLB,1997,0.016632307807448617,NA,-0.7129618096846034,1,4.686194004808567
Solomon Islands,SLB,1998,-32.0995173110011,NA,4.372175651155846,1,6.719899223895725
Solomon Islands,SLB,1999,-7.796199981111704,NA,10.466218441139278,1,-27.760831651601194
Solomon Islands,SLB,2000,0.5789167737207697,NA,0.17277851591644836,1,0.04115304029714684
Solomon Islands,SLB,2001,0.6650346289343695,NA,0.06299899773757331,1,0.8839694393612906
Solomon Islands,SLB,2002,2.935064000661154,NA,0.9796896694217805,1,-2.7964713109359307
Solomon Islands,SLB,2003,-2.1966237077300765,NA,0.5884802887986091,1,1.1548118195399162
Solomon Islands,SLB,2004,1.4219357518031717,0.8743797932514832,0.1957171669673908,1,-1.0129604772948744
Solomon Islands,SLB,2005,3.672469762051491,2.7082651651546246,1.0191570349814736,1,-0.3082046832778543
Solomon Islands,SLB,2006,0.67805474067995,0.033837461165120826,0.04070919074356777,1,-2.395871569117824
Solomon Islands,SLB,2007,1.1142378478008028,-0.2421016971058874,0.6752481790553106,1,-2.284384855347505
Solomon Islands,SLB,2008,0.303480423464902,-0.1321273293351834,0.1176401127636769,1,1.3982658233883585
Solomon Islands,SLB,2009,-0.32309567327222277,-0.0077118392888281375,-0.17560960263409695,1,0.735502389699572
Solomon Islands,SLB,2010,0.9243252054843687,0.34921551058408257,1.4705606440373873,1,-1.2138035669593026
Solomon Islands,SLB,2011,-0.4927803652115311,-0.7844307020524584,-1.5659489240150886,1,2.3179124363046677
Solomon Islands,SLB,2012,-0.2719527769864502,-0.9557071871875349,0.3052961684165096,1,2.4071403875873933
Solomon Islands,SLB,2013,1.6398034597029338,1.213352430922121,-0.07991093849285917,1,-0.609796191018584
Solomon Islands,SLB,2014,2.401542699940846,0.7446600582712248,-0.8215575659127785,1,-3.878090999283303
Solomon Islands,SLB,2015,1.7714611915549172,0.8327019694218103,1.6096004070325716,1,-1.9158431600580972
Solomon Islands,SLB,2016,0.6159805220326199,0.22312688641673886,0.1422107092889445,1,0.4231584661914772
Solomon Islands,SLB,2017,-0.5379842517293443,-0.5198873503982453,0.9986228068938826,1,1.1595387525474499
Solomon Islands,SLB,2018,3.0745827143253837,1.400374461398304,0.4366835247906348,1,-1.980573977281024
Solomon Islands,SLB,2019,1.8892438705299832,1.034374878346969,2.185069844194118,1,-3.0897250638197695
Solomon Islands,SLB,2020,3.8586447499164818,1.2230332271850235,0.8407295457521383,1,-3.1992397489815243
Solomon Islands,SLB,2021,-2.115668244604391,-1.6522300176477458,-0.45549528827185787,1,-3.20008009311951
Solomon Islands,SLB,2022,-0.3847351713286161,-1.150109763256924,2.8015021121805495,1,-9.235030394474219
Solomon Islands,SLB,2023,NA,NA,NA,1,NA
St. Vincent and the Grenadines,VCT,1991,NA,NA,NA,1,NA
St. Vincent and the Grenadines,VCT,1992,NA,NA,NA,1,NA
St. Vincent and the Grenadines,VCT,1993,NA,NA,NA,1,NA
St. Vincent and the Grenadines,VCT,1994,NA,NA,NA,1,NA
St. Vincent and the Grenadines,VCT,1995,NA,NA,NA,1,NA
St. Vincent and the Grenadines,VCT,1996,NA,NA,NA,1,NA
St. Vincent and the Grenadines,VCT,1997,NA,NA,NA,1,NA
St. Vincent and the Grenadines,VCT,1998,NA,NA,NA,1,NA
St. Vincent and the Grenadines,VCT,1999,NA,NA,NA,1,NA
St. Vincent and the Grenadines,VCT,2000,NA,NA,NA,1,NA
St. Vincent and the Grenadines,VCT,2001,NA,NA,NA,1,NA
St. Vincent and the Grenadines,VCT,2002,NA,NA,NA,1,NA
St. Vincent and the Grenadines,VCT,2003,NA,NA,NA,1,NA
St. Vincent and the Grenadines,VCT,2004,NA,NA,NA,1,NA
St. Vincent and the Grenadines,VCT,2005,NA,NA,NA,1,NA
St. Vincent and the Grenadines,VCT,2006,NA,NA,NA,1,NA
St. Vincent and the Grenadines,VCT,2007,NA,NA,NA,1,NA
St. Vincent and the Grenadines,VCT,2008,NA,NA,NA,1,NA
St. Vincent and the Grenadines,VCT,2009,NA,NA,NA,1,NA
St. Vincent and the Grenadines,VCT,2010,NA,NA,NA,1,NA
St. Vincent and the Grenadines,VCT,2011,NA,NA,NA,1,NA
St. Vincent and the Grenadines,VCT,2012,NA,NA,NA,1,NA
St. Vincent and the Grenadines,VCT,2013,NA,NA,NA,1,NA
St. Vincent and the Grenadines,VCT,2014,NA,NA,NA,1,NA
St. Vincent and the Grenadines,VCT,2015,NA,NA,NA,1,NA
St. Vincent and the Grenadines,VCT,2016,NA,NA,NA,1,NA
St. Vincent and the Grenadines,VCT,2017,NA,NA,NA,1,NA
St. Vincent and the Grenadines,VCT,2018,NA,NA,NA,1,NA
St. Vincent and the Grenadines,VCT,2019,NA,NA,NA,1,NA
St. Vincent and the Grenadines,VCT,2020,NA,NA,NA,1,NA
St. Vincent and the Grenadines,VCT,2021,NA,NA,NA,1,NA
St. Vincent and the Grenadines,VCT,2022,NA,NA,NA,1,NA
St. Vincent and the Grenadines,VCT,2023,NA,NA,NA,1,NA
St. Lucia,LCA,1991,NA,NA,NA,1,NA
St. Lucia,LCA,1992,NA,NA,NA,1,NA
St. Lucia,LCA,1993,NA,NA,NA,1,NA
St. Lucia,LCA,1994,NA,NA,NA,1,NA
St. Lucia,LCA,1995,NA,NA,NA,1,NA
St. Lucia,LCA,1996,NA,NA,NA,1,NA
St. Lucia,LCA,1997,NA,NA,NA,1,NA
St. Lucia,LCA,1998,NA,NA,NA,1,NA
St. Lucia,LCA,1999,NA,NA,NA,1,NA
St. Lucia,LCA,2000,NA,NA,NA,1,NA
St. Lucia,LCA,2001,NA,NA,NA,1,NA
St. Lucia,LCA,2002,NA,NA,NA,1,NA
St. Lucia,LCA,2003,NA,NA,NA,1,NA
St. Lucia,LCA,2004,NA,NA,NA,1,NA
St. Lucia,LCA,2005,NA,NA,NA,1,NA
St. Lucia,LCA,2006,NA,NA,NA,1,NA
St. Lucia,LCA,2007,NA,NA,NA,1,NA
St. Lucia,LCA,2008,NA,NA,NA,1,NA
St. Lucia,LCA,2009,NA,NA,NA,1,NA
St. Lucia,LCA,2010,NA,NA,NA,1,NA
St. Lucia,LCA,2011,NA,NA,NA,1,NA
St. Lucia,LCA,2012,NA,NA,NA,1,NA
St. Lucia,LCA,2013,NA,NA,NA,1,NA
St. Lucia,LCA,2014,NA,NA,NA,1,NA
St. Lucia,LCA,2015,NA,NA,NA,1,NA
St. Lucia,LCA,2016,NA,NA,NA,1,NA
St. Lucia,LCA,2017,NA,NA,NA,1,NA
St. Lucia,LCA,2018,NA,NA,NA,1,NA
St. Lucia,LCA,2019,NA,NA,NA,1,NA
St. Lucia,LCA,2020,NA,NA,NA,1,NA
St. Lucia,LCA,2021,NA,NA,NA,1,NA
St. Lucia,LCA,2022,NA,NA,NA,1,NA
St. Lucia,LCA,2023,NA,NA,NA,1,NA
St. Kitts and Nevis,KNA,1991,NA,NA,NA,1,NA
St. Kitts and Nevis,KNA,1992,NA,NA,NA,1,NA
St. Kitts and Nevis,KNA,1993,NA,NA,NA,1,NA
St. Kitts and Nevis,KNA,1994,NA,NA,NA,1,NA
St. Kitts and Nevis,KNA,1995,NA,NA,NA,1,NA
St. Kitts and Nevis,KNA,1996,NA,NA,NA,1,NA
St. Kitts and Nevis,KNA,1997,NA,NA,NA,1,NA
St. Kitts and Nevis,KNA,1998,NA,NA,NA,1,NA
St. Kitts and Nevis,KNA,1999,NA,NA,NA,1,NA
St. Kitts and Nevis,KNA,2000,NA,NA,NA,1,NA
St. Kitts and Nevis,KNA,2001,NA,NA,NA,1,NA
St. Kitts and Nevis,KNA,2002,NA,NA,NA,1,NA
St. Kitts and Nevis,KNA,2003,NA,NA,NA,1,NA
St. Kitts and Nevis,KNA,2004,NA,NA,NA,1,NA
St. Kitts and Nevis,KNA,2005,NA,NA,NA,1,NA
St. Kitts and Nevis,KNA,2006,NA,NA,NA,1,NA
St. Kitts and Nevis,KNA,2007,NA,NA,NA,1,NA
St. Kitts and Nevis,KNA,2008,NA,NA,NA,1,NA
St. Kitts and Nevis,KNA,2009,NA,NA,NA,1,NA
St. Kitts and Nevis,KNA,2010,NA,NA,NA,1,NA
St. Kitts and Nevis,KNA,2011,NA,NA,NA,1,NA
St. Kitts and Nevis,KNA,2012,NA,NA,NA,1,NA
St. Kitts and Nevis,KNA,2013,NA,NA,NA,1,NA
St. Kitts and Nevis,KNA,2014,NA,NA,NA,1,NA
St. Kitts and Nevis,KNA,2015,NA,NA,NA,1,NA
St. Kitts and Nevis,KNA,2016,NA,NA,NA,1,NA
St. Kitts and Nevis,KNA,2017,NA,NA,NA,1,NA
St. Kitts and Nevis,KNA,2018,NA,NA,NA,1,NA
St. Kitts and Nevis,KNA,2019,NA,NA,NA,1,NA
St. Kitts and Nevis,KNA,2020,NA,NA,NA,1,NA
St. Kitts and Nevis,KNA,2021,NA,NA,NA,1,NA
St. Kitts and Nevis,KNA,2022,NA,NA,NA,1,NA
St. Kitts and Nevis,KNA,2023,NA,NA,NA,1,NA
Suriname,SUR,1991,NA,NA,NA,1,NA
Suriname,SUR,1992,NA,NA,NA,1,NA
Suriname,SUR,1993,NA,NA,NA,1,NA
Suriname,SUR,1994,NA,NA,NA,1,NA
Suriname,SUR,1995,NA,NA,NA,NA,NA
Suriname,SUR,1996,NA,NA,NA,1,NA
Suriname,SUR,1997,NA,NA,NA,1,NA
Suriname,SUR,1998,NA,NA,NA,1,NA
Suriname,SUR,1999,NA,NA,NA,1,NA
Suriname,SUR,2000,NA,NA,NA,1,NA
Suriname,SUR,2001,NA,NA,NA,1,NA
Suriname,SUR,2002,NA,NA,NA,1,NA
Suriname,SUR,2003,NA,NA,NA,1,NA
Suriname,SUR,2004,NA,NA,NA,1,NA
Suriname,SUR,2005,NA,NA,NA,1,NA
Suriname,SUR,2006,NA,NA,NA,1,NA
Suriname,SUR,2007,NA,NA,NA,1,NA
Suriname,SUR,2008,NA,NA,NA,1,NA
Suriname,SUR,2009,NA,NA,NA,1,NA
Suriname,SUR,2010,NA,NA,NA,1,NA
Suriname,SUR,2011,NA,NA,NA,1,NA
Suriname,SUR,2012,NA,NA,NA,1,NA
Suriname,SUR,2013,NA,NA,NA,1,NA
Suriname,SUR,2014,NA,NA,NA,1,NA
Suriname,SUR,2015,NA,NA,NA,1,NA
Suriname,SUR,2016,NA,NA,NA,1,NA
Suriname,SUR,2017,NA,NA,NA,1,NA
Suriname,SUR,2018,NA,NA,NA,1,NA
Suriname,SUR,2019,NA,NA,NA,1,NA
Suriname,SUR,2020,NA,NA,NA,1,NA
Suriname,SUR,2021,NA,NA,NA,1,NA
Suriname,SUR,2022,NA,NA,NA,1,NA
Suriname,SUR,2023,NA,NA,NA,1,NA
Timor-Leste,TLS,1991,NA,NA,NA,1,NA
Timor-Leste,TLS,1992,NA,NA,NA,1,NA
Timor-Leste,TLS,1993,NA,NA,NA,1,NA
Timor-Leste,TLS,1994,NA,NA,NA,1,NA
Timor-Leste,TLS,1995,NA,NA,NA,1,NA
Timor-Leste,TLS,1996,NA,NA,NA,1,NA
Timor-Leste,TLS,1997,NA,NA,NA,1,NA
Timor-Leste,TLS,1998,NA,NA,NA,1,NA
Timor-Leste,TLS,1999,NA,NA,NA,1,NA
Timor-Leste,TLS,2000,NA,NA,NA,1,NA
Timor-Leste,TLS,2001,2.640102962295046,1.9067962096593216,0.012675231882988075,1,-1.7935703840329402
Timor-Leste,TLS,2002,0.4410124602836171,0.2265534148262977,0.2277897874063434,1,0.6937962567449906
Timor-Leste,TLS,2003,16.26728159755041,13.390539567875388,2.567768296968682,1,-17.713972327000313
Timor-Leste,TLS,2004,-53.869032079914184,-58.52201429138154,-15.783187713685525,1,71.36424166452791
Timor-Leste,TLS,2005,-6.217949776858684,-5.754471010707488,-0.26055136589862166,1,7.585313419408573
Timor-Leste,TLS,2006,-1.5972197606153324,-4.043668370317936,0.8038969734395195,1,1.797949580803722
Timor-Leste,TLS,2007,2.9397187693392866,2.4897064959866544,0.6702769740756236,1,-2.610428110480378
Timor-Leste,TLS,2008,0.6011317037261944,0.9758463955240496,1.1317581981916212,1,-0.7334710315686357
Timor-Leste,TLS,2009,2.4125226127403003,1.5836185173657702,1.848760193983851,1,-3.2619373583074833
Timor-Leste,TLS,2010,0.4678609651072593,0.20031717827414894,0.12968391372829424,1,0.4131241749842913
Timor-Leste,TLS,2011,-0.9962852381143696,-1.125539302857844,4.291648706524052,1,-2.3271373512173312
Timor-Leste,TLS,2012,-0.12145196480138255,-0.31932286525276,-1.6490599197192761,1,2.3463103828288534
Timor-Leste,TLS,2013,-2.1194265727500237,-3.3902077111904645,-3.345359235847697,1,6.664253327081807
Timor-Leste,TLS,2014,2.188955512678437,1.4394353354530023,0.5118672558891664,1,-1.824114981292363
Timor-Leste,TLS,2015,0.4248476390854091,0.8546318346097516,-0.5502983052071336,1,1.381561710027199
Timor-Leste,TLS,2016,0.5267280347942508,-0.22522461989414008,1.8153200181442084,1,-1.4533422778331582
Timor-Leste,TLS,2017,0.48642541220386254,1.0326121753602502,2.0915674705328304,1,-1.2612880878136803
Timor-Leste,TLS,2018,-2.422350829580003,0.33513922306034344,1.079069932864047,1,2.804784370350442
Timor-Leste,TLS,2019,0.20062913796597912,0.07216282278692011,-0.14937496249812726,1,0.8825770358438948
Timor-Leste,TLS,2020,0.04221138134802728,0.07028478697077067,-0.29015233477728397,1,1.263278289473122
Timor-Leste,TLS,2021,0.013574672260017366,0.1961945943726873,1.3822473192350053,1,-0.056767794608907685
Timor-Leste,TLS,2022,-0.24874972912774326,0.0052525923915948255,0.3337296495200985,1,0.9417539538142353
Timor-Leste,TLS,2023,-0.08062519040572079,0.02026782389876903,-0.09061763796853277,1,1.2801315808329148
Tonga,TON,1991,NA,NA,NA,1,NA
Tonga,TON,1992,NA,NA,NA,1,NA
Tonga,TON,1993,NA,NA,NA,1,NA
Tonga,TON,1994,NA,NA,NA,1,NA
Tonga,TON,1995,0.1458532865616987,0.12854048645303634,0.9311164726663347,1,-1.2564046064804757
Tonga,TON,1996,14.688209229898732,13.363686463756238,16.43655645971185,1,0.7531273443953879
Tonga,TON,1997,-2.142408074872177,-1.9572562322888842,11.383780557531168,1,-8.777828237145776
Tonga,TON,1998,-0.029543852599456716,-0.04062884984370067,1.7036615558500738,1,-3.7819884229951786
Tonga,TON,1999,0.794951003590136,0.7325895804311752,0.05841493107122866,1,2.4822180703973973
Tonga,TON,2000,0.11882903327330076,0.10195256407966562,-0.7680827441930846,1,-0.15538695054011972
Tonga,TON,2001,1.675185517764275,1.5719952119426288,2.121672253346423,1,-0.0017417221721369724
Tonga,TON,2002,19.33031906885912,0,0,1,0
Tonga,TON,2003,9.691129350651503,-28.13699845519382,45.935268561241315,1,-103.74464734671423
Tonga,TON,2004,0.7582561947571874,-0.24088596400264792,2.018158109303302,1,-2.1663692478513754
Tonga,TON,2005,5.1034114103811525,1.2087811454302844,0.15626489853617956,1,0.14992486051163478
Tonga,TON,2006,-1.5547771320707426,0.10415899406255259,-0.31999022437738045,1,0.9101038448808815
Tonga,TON,2007,-0.703679714114483,-0.6726806994063145,0.5769053604822741,1,-0.7203118172396703
Tonga,TON,2008,0.017079355234512872,-0.5489626963195697,-0.3193254852554205,1,-1.1898464163447016
Tonga,TON,2009,-0.27902112438404425,-0.2924626162017042,-0.37171067765557686,1,-0.445929224404833
Tonga,TON,2010,-5.443616913990705,1.0478153944146247,7.138921379242594,1,-2.877867840760885
Tonga,TON,2011,0.05656102072838084,-0.27284970816401105,0.20677072098533908,1,-0.44451195380863195
Tonga,TON,2012,-0.6722523128193905,0.49389854332360345,-1.1964861986546456,1,0.37612798133610914
Tonga,TON,2013,14.946662067548472,5.583100011937334,-8.79078771696117,1,0.32176249034643245
Tonga,TON,2014,0.8266314957062796,-0.03371768438900741,0.8307934187740645,1,2.5451050800987955
Tonga,TON,2015,6.117074596108977,0.58296844774442,0.981212843954994,1,-9.63583274748145
Tonga,TON,2016,0.867910724846099,-0.018543207284019425,0.6465550872117579,1,-0.8896851529001163
Tonga,TON,2017,0.33759203696518697,0.09480146062639869,1.1621556665708441,1,-1.2564842644887526
Tonga,TON,2018,6.376920306283032,0.30390764203858506,-11.374621814727902,1,1.7700845514674184
Tonga,TON,2019,-14.497669209050244,-9.186787889184037,-19.65857968151307,1,18.93963988113373
Tonga,TON,2020,2.414794749327303,1.3454531180270874,-0.8705110680126679,1,-0.06963661580626233
Tonga,TON,2021,47.87700404657494,14.827646916741047,29.831803475027264,1,-17.044081238241738
Tonga,TON,2022,9.62288085857009,-0.07499501186189751,3.281466846309741,1,-0.39302567036817426
Tonga,TON,2023,NA,NA,NA,NA,NA
Trinidad and Tobago,TTO,1991,NA,NA,NA,1,NA
Trinidad and Tobago,TTO,1992,NA,NA,NA,1,NA
Trinidad and Tobago,TTO,1993,NA,NA,NA,1,NA
Trinidad and Tobago,TTO,1994,NA,NA,NA,1,NA
Trinidad and Tobago,TTO,1995,NA,NA,NA,1,NA
Trinidad and Tobago,TTO,1996,NA,NA,NA,1,NA
Trinidad and Tobago,TTO,1997,NA,NA,NA,1,NA
Trinidad and Tobago,TTO,1998,NA,NA,NA,1,NA
Trinidad and Tobago,TTO,1999,NA,NA,NA,1,NA
Trinidad and Tobago,TTO,2000,NA,NA,NA,1,NA
Trinidad and Tobago,TTO,2001,NA,NA,NA,1,NA
Trinidad and Tobago,TTO,2002,NA,NA,NA,1,NA
Trinidad and Tobago,TTO,2003,NA,NA,NA,1,NA
Trinidad and Tobago,TTO,2004,NA,NA,NA,1,NA
Trinidad and Tobago,TTO,2005,NA,NA,NA,1,NA
Trinidad and Tobago,TTO,2006,NA,NA,NA,1,NA
Trinidad and Tobago,TTO,2007,NA,NA,NA,1,NA
Trinidad and Tobago,TTO,2008,NA,NA,NA,1,NA
Trinidad and Tobago,TTO,2009,NA,NA,NA,1,NA
Trinidad and Tobago,TTO,2010,NA,NA,NA,1,NA
Trinidad and Tobago,TTO,2011,NA,NA,NA,1,NA
Trinidad and Tobago,TTO,2012,NA,NA,NA,1,NA
Trinidad and Tobago,TTO,2013,NA,NA,NA,1,NA
Trinidad and Tobago,TTO,2014,NA,NA,NA,1,NA
Trinidad and Tobago,TTO,2015,NA,NA,NA,1,NA
Trinidad and Tobago,TTO,2016,NA,NA,NA,1,NA
Trinidad and Tobago,TTO,2017,NA,NA,NA,1,NA
Trinidad and Tobago,TTO,2018,NA,NA,NA,1,NA
Trinidad and Tobago,TTO,2019,NA,NA,NA,1,NA
Trinidad and Tobago,TTO,2020,NA,NA,NA,1,NA
Trinidad and Tobago,TTO,2021,NA,NA,NA,1,NA
Trinidad and Tobago,TTO,2022,NA,NA,NA,1,NA
Trinidad and Tobago,TTO,2023,NA,NA,NA,1,NA
Tuvalu,TUV,1991,NA,NA,NA,1,NA
Tuvalu,TUV,1992,NA,NA,NA,1,NA
Tuvalu,TUV,1993,NA,NA,NA,1,NA
Tuvalu,TUV,1994,NA,NA,NA,1,NA
Tuvalu,TUV,1995,NA,NA,NA,1,NA
Tuvalu,TUV,1996,NA,NA,NA,1,NA
Tuvalu,TUV,1997,NA,NA,NA,1,NA
Tuvalu,TUV,1998,NA,NA,NA,1,NA
Tuvalu,TUV,1999,NA,NA,NA,1,NA
Tuvalu,TUV,2000,NA,NA,NA,1,NA
Tuvalu,TUV,2001,NA,NA,NA,NA,NA
Tuvalu,TUV,2002,NA,NA,NA,1,NA
Tuvalu,TUV,2003,NA,NA,NA,1,NA
Tuvalu,TUV,2004,NA,NA,NA,1,NA
Tuvalu,TUV,2005,NA,NA,NA,1,NA
Tuvalu,TUV,2006,NA,NA,NA,1,NA
Tuvalu,TUV,2007,NA,NA,NA,1,NA
Tuvalu,TUV,2008,NA,NA,NA,1,NA
Tuvalu,TUV,2009,NA,NA,NA,1,NA
Tuvalu,TUV,2010,NA,NA,NA,1,NA
Tuvalu,TUV,2011,NA,NA,NA,1,NA
Tuvalu,TUV,2012,NA,NA,NA,1,NA
Tuvalu,TUV,2013,NA,NA,NA,1,NA
Tuvalu,TUV,2014,NA,NA,NA,NA,NA
Tuvalu,TUV,2015,NA,NA,NA,1,NA
Tuvalu,TUV,2016,NA,NA,NA,1,NA
Tuvalu,TUV,2017,NA,NA,NA,1,NA
Tuvalu,TUV,2018,NA,NA,NA,1,NA
Tuvalu,TUV,2019,NA,NA,NA,1,NA
Tuvalu,TUV,2020,NA,NA,NA,1,NA
Tuvalu,TUV,2021,NA,NA,NA,1,NA
Tuvalu,TUV,2022,NA,NA,NA,1,NA
Tuvalu,TUV,2023,NA,NA,NA,1,NA
Vanuatu,VUT,1991,NA,NA,NA,1,NA
Vanuatu,VUT,1992,NA,NA,NA,1,NA
Vanuatu,VUT,1993,NA,NA,NA,1,NA
Vanuatu,VUT,1994,NA,NA,NA,1,NA
Vanuatu,VUT,1995,NA,NA,NA,1,NA
Vanuatu,VUT,1996,NA,NA,NA,1,NA
Vanuatu,VUT,1997,NA,NA,NA,1,NA
Vanuatu,VUT,1998,NA,NA,NA,1,NA
Vanuatu,VUT,1999,NA,NA,NA,1,NA
Vanuatu,VUT,2000,NA,NA,NA,1,NA
Vanuatu,VUT,2001,NA,NA,NA,1,NA
Vanuatu,VUT,2002,NA,NA,NA,1,NA
Vanuatu,VUT,2003,0.37921584554562227,-0.030045991660689747,-0.36074981777230763,1,0.8537682162994872
Vanuatu,VUT,2004,0.3197913463620821,-0.07984577831945334,1.4751096365805356,1,-1.046890126718917
Vanuatu,VUT,2005,0.33598698359614876,-0.0021533438358034727,0.2613055248494627,1,0.25545444263003186
Vanuatu,VUT,2006,0.26793393756319933,0.029491497565563997,0.7298495028330412,1,-0.02154203080356381
Vanuatu,VUT,2007,0.8482506677712083,0.5279610928990612,1.6543949027047549,1,-5.369014262075973
Vanuatu,VUT,2008,0.3671396435519706,-0.014581543449643825,1.6694806843755883,1,0.5729337380441407
Vanuatu,VUT,2009,1.2552880342613317,0.6220285400444713,-0.11584157314336738,1,1.8088615203170306
Vanuatu,VUT,2010,2.001670348591859,0.6147020190011052,-1.2622889371532877,1,0.34734400805686055
Vanuatu,VUT,2011,0.545634892601953,-0.07925749176363577,-1.888059051704748,1,1.3655471139290112
Vanuatu,VUT,2012,1.7287971743378667,-0.1626397340067786,-2.6990081010074722,1,-0.6713642119710217
Vanuatu,VUT,2013,5.4681375136993005,0.7128863340922204,7.699186070242912,1,-3.504583503273796
Vanuatu,VUT,2014,0.7687686853724,-0.1768579740662667,-0.5815963054334851,1,-0.10678186537343523
Vanuatu,VUT,2015,7.989558253522644,6.508278262601201,28.029987629728677,1,-32.23906576221868
Vanuatu,VUT,2016,1.1978260744329885,-0.05037701359631486,-1.6895989684870834,1,1.586081314950565
Vanuatu,VUT,2017,0.29932545172940017,0.47760402681016906,1.0814469448485495,1,-0.4296035011669963
Vanuatu,VUT,2018,1.0288533373542421,0.27301270952290313,1.4852746069855112,1,-1.6931649780371334
Vanuatu,VUT,2019,0.24619828088115436,0.14218132883782983,-0.35856576619583314,1,5.829676749351158
Vanuatu,VUT,2020,-0.45305904019929344,NA,-3.0285638229887337,1,7.71543819244379
Vanuatu,VUT,2021,-2.0231766422438144,NA,-5.687466514712758,1,7.554695332752437
Vanuatu,VUT,2022,1.2783935243040867,NA,-0.3788094147192046,1,0.06536290583081872
Vanuatu,VUT,2023,NA,NA,NA,1,NA
